<?xml version="1.0" encoding="utf-8"?>
<nrml xmlns:gml="http://www.opengis.net/gml"
      xmlns="http://openquake.org/xmlns/nrml/0.4">

    <sourceModel name="collapsed_collapsed">

        <areaSource id="ZN5" name="South Victoria" tectonicRegion="Extended">
            <areaGeometry>
                <gml:Polygon>
                    <gml:exterior>
                        <gml:LinearRing>
                            <gml:posList>
                                149.7237 -37.7234
                                149.6839 -39.0622
                                148.0962 -39.6860
                                147.5883 -40.8798
                                145.5896 -40.6656
                                144.0905 -39.0952
                                143.2339 -39.0952
                                144.1058 -41.1054
                                146.6603 -44.8059
                                145.3040 -45.0200
                                139.5219 -39.4740
                                139.2123 -37.5135
                                143.3393 -37.6277
                                146.2021 -37.5901
                            </gml:posList>
                        </gml:LinearRing>
                    </gml:exterior>
                </gml:Polygon>
                <upperSeismoDepth>0.0</upperSeismoDepth>
                <lowerSeismoDepth>20.0</lowerSeismoDepth>
            </areaGeometry>
            <magScaleRel>Leonard2014_SCR</magScaleRel>
            <ruptAspectRatio>1.5</ruptAspectRatio>
            <incrementalMFD minMag="4.55" binWidth="0.1">
                <occurRates>3.15380e-02 2.65190e-02 2.23026e-02 1.87597e-02 1.57823e-02 1.32797e-02 1.11757e-02 9.40671e-03 7.91900e-03 6.66767e-03 5.61498e-03 4.72925e-03 3.98388e-03 3.35653e-03 2.82841e-03 2.38376e-03 2.00932e-03 1.69397e-03 1.42832e-03 1.20452e-03 1.01594e-03 8.57011e-04 7.23053e-04 6.10123e-04 5.14906e-04 4.34612e-04 3.66892e-04 3.09768e-04 2.61575e-04 2.20910e-04 1.60657e-04 9.80452e-05 3.40937e-05 9.90318e-06</occurRates>
            </incrementalMFD>
            <nodalPlaneDist>
                <nodalPlane probability="0.3" strike="0.0" dip="30.0" rake="90.0" />
                <nodalPlane probability="0.2" strike="90.0" dip="30.0" rake="90.0" />
                <nodalPlane probability="0.3" strike="180.0" dip="30.0" rake="90.0" />
                <nodalPlane probability="0.2" strike="270.0" dip="30.0" rake="90.0" />
            </nodalPlaneDist>
            <hypoDepthDist>
                <hypoDepth probability="0.50" depth="10.0"/>
                <hypoDepth probability="0.25" depth="5.0"/>
                <hypoDepth probability="0.25" depth="15.0"/>
            </hypoDepthDist>
        </areaSource>

        <areaSource id="ZN6a" name="Northwest Australia" tectonicRegion="Cratonic">
            <areaGeometry>
                <gml:Polygon>
                    <gml:exterior>
                        <gml:LinearRing>
                            <gml:posList>
                                127.5235 -20.6466
                                120.6820 -19.7146
                                119.8730 -19.2863
                                120.7455 -16.9382
                                123.2387 -14.9119
                                124.2458 -13.6825
                                131.4359 -10.0177
                                130.0933 -15.6021
                                127.5235 -19.0286
                            </gml:posList>
                        </gml:LinearRing>
                    </gml:exterior>
                </gml:Polygon>
                <upperSeismoDepth>0.0</upperSeismoDepth>
                <lowerSeismoDepth>20.0</lowerSeismoDepth>
            </areaGeometry>
            <magScaleRel>Leonard2014_SCR</magScaleRel>
            <ruptAspectRatio>1.5</ruptAspectRatio>
            <incrementalMFD minMag="4.55" binWidth="0.1">
                <occurRates>6.32273e-02 5.36106e-02 4.54604e-02 3.85524e-02 3.26968e-02 2.77330e-02 2.35246e-02 1.99565e-02 1.69310e-02 1.43653e-02 1.21894e-02 1.03440e-02 8.77863e-03 7.45077e-03 6.32427e-03 5.36852e-03 4.55757e-03 3.86942e-03 3.28544e-03 2.78982e-03 2.36915e-03 2.01207e-03 1.70894e-03 1.45160e-03 1.23310e-03 1.04757e-03 8.90024e-04 7.56230e-04 5.48778e-04 2.87785e-04 1.40621e-04 5.32506e-05</occurRates>
            </incrementalMFD>
            <nodalPlaneDist>
                <nodalPlane probability="0.3" strike="0.0" dip="30.0" rake="90.0" />
                <nodalPlane probability="0.2" strike="90.0" dip="30.0" rake="90.0" />
                <nodalPlane probability="0.3" strike="180.0" dip="30.0" rake="90.0" />
                <nodalPlane probability="0.2" strike="270.0" dip="30.0" rake="90.0" />
            </nodalPlaneDist>
            <hypoDepthDist>
                <hypoDepth probability="0.50" depth="5.0"/>
                <hypoDepth probability="0.25" depth="2.5"/>
                <hypoDepth probability="0.25" depth="10.0"/>
            </hypoDepthDist>
        </areaSource>

        <areaSource id="ZN1a" name="Northern Territory" tectonicRegion="Cratonic">
            <areaGeometry>
                <gml:Polygon>
                    <gml:exterior>
                        <gml:LinearRing>
                            <gml:posList>
                                145.2499 -18.7170
                                139.8015 -24.6441
                                138.1835 -23.9778
                                136.3433 -22.7029
                                132.7583 -21.6936
                                129.5222 -21.5032
                                127.5235 -20.6466
                                127.5235 -19.0286
                                130.0933 -15.6021
                                131.4359 -10.0177
                                134.5667 -8.1782
                                139.3057 -8.3190
                                144.0845 -9.3204
                                144.2312 -11.4242
                                144.8315 -13.8938
                                146.9492 -17.5106
                                146.0688 -17.9865
                            </gml:posList>
                        </gml:LinearRing>
                    </gml:exterior>
                </gml:Polygon>
                <upperSeismoDepth>0.0</upperSeismoDepth>
                <lowerSeismoDepth>20.0</lowerSeismoDepth>
            </areaGeometry>
            <magScaleRel>Leonard2014_SCR</magScaleRel>
            <ruptAspectRatio>1.5</ruptAspectRatio>
            <incrementalMFD minMag="4.55" binWidth="0.1">
                <occurRates>3.18577e-02 2.70250e-02 2.29272e-02 1.94524e-02 1.65056e-02 1.40063e-02 1.18864e-02 1.00881e-02 8.56264e-03 7.26840e-03 6.17028e-03 5.23847e-03 4.44774e-03 3.77666e-03 3.20708e-03 2.72362e-03 2.31322e-03 1.96481e-03 1.66900e-03 1.41784e-03 1.20457e-03 1.02345e-03 8.69636e-04 7.38993e-04 6.28023e-04 5.33756e-04 4.53673e-04 3.85634e-04 2.79961e-04 1.46874e-04 7.17968e-05 2.71991e-05</occurRates>
            </incrementalMFD>
            <nodalPlaneDist>
                <nodalPlane probability="0.3" strike="0.0" dip="30.0" rake="90.0" />
                <nodalPlane probability="0.2" strike="90.0" dip="30.0" rake="90.0" />
                <nodalPlane probability="0.3" strike="180.0" dip="30.0" rake="90.0" />
                <nodalPlane probability="0.2" strike="270.0" dip="30.0" rake="90.0" />
            </nodalPlaneDist>
            <hypoDepthDist>
                <hypoDepth probability="0.50" depth="5.0"/>
                <hypoDepth probability="0.25" depth="2.5"/>
                <hypoDepth probability="0.25" depth="10.0"/>
            </hypoDepthDist>
        </areaSource>

        <areaSource id="ZN2a" name="Flinders Ranges" tectonicRegion="Non_cratonic">
            <areaGeometry>
                <gml:Polygon>
                    <gml:exterior>
                        <gml:LinearRing>
                            <gml:posList>
                                138.2453 -35.8259
                                137.6891 -35.6081
                                137.5107 -34.7515
                                137.9747 -33.4665
                                137.5077 -31.4104
                                136.7255 -29.1550
                                139.0573 -29.1157
                                139.5700 -28.6613
                                140.0397 -32.8314
                                139.5971 -34.2163
                            </gml:posList>
                        </gml:LinearRing>
                    </gml:exterior>
                </gml:Polygon>
                <upperSeismoDepth>0.0</upperSeismoDepth>
                <lowerSeismoDepth>20.0</lowerSeismoDepth>
            </areaGeometry>
            <magScaleRel>Leonard2014_SCR</magScaleRel>
            <ruptAspectRatio>1.5</ruptAspectRatio>
            <incrementalMFD minMag="4.55" binWidth="0.1">
                <occurRates>2.97335e-02 2.36219e-02 1.87708e-02 1.49192e-02 1.18606e-02 9.43115e-03 7.50097e-03 5.96714e-03 4.74798e-03 3.77873e-03 3.00799e-03 2.39497e-03 1.90728e-03 1.51922e-03 1.21037e-03 9.64513e-04 7.68751e-04 6.12847e-04 4.88660e-04 3.89717e-04 3.10870e-04 2.48024e-04 1.97922e-04 1.57971e-04 1.26109e-04 1.00692e-04 8.04137e-05 6.42310e-05 5.13144e-05 3.46064e-05 1.73350e-05 7.22951e-06 1.84285e-06</occurRates>
            </incrementalMFD>
            <nodalPlaneDist>
                <nodalPlane probability="0.3" strike="0.0" dip="30.0" rake="90.0" />
                <nodalPlane probability="0.2" strike="90.0" dip="30.0" rake="90.0" />
                <nodalPlane probability="0.3" strike="180.0" dip="30.0" rake="90.0" />
                <nodalPlane probability="0.2" strike="270.0" dip="30.0" rake="90.0" />
            </nodalPlaneDist>
            <hypoDepthDist>
                <hypoDepth probability="0.50" depth="10.0"/>
                <hypoDepth probability="0.25" depth="5.0"/>
                <hypoDepth probability="0.25" depth="15.0"/>
            </hypoDepthDist>
        </areaSource>

        <areaSource id="ZN1b" name="Southern South Australia" tectonicRegion="Non_cratonic">
            <areaGeometry>
                <gml:Polygon>
                    <gml:exterior>
                        <gml:LinearRing>
                            <gml:posList>
                                136.7255 -29.1550
                                137.5077 -31.4104
                                137.9747 -33.4665
                                137.5107 -34.7515
                                137.6891 -35.6081
                                136.2577 -35.5637
                                134.7170 -35.0180
                                132.6894 -34.2150
                                130.7955 -33.2828
                                131.1860 -31.0698
                                132.0527 -30.2031
                                133.8182 -29.0796
                                135.8083 -28.9191
                            </gml:posList>
                        </gml:LinearRing>
                    </gml:exterior>
                </gml:Polygon>
                <upperSeismoDepth>0.0</upperSeismoDepth>
                <lowerSeismoDepth>20.0</lowerSeismoDepth>
            </areaGeometry>
            <magScaleRel>Leonard2014_SCR</magScaleRel>
            <ruptAspectRatio>1.5</ruptAspectRatio>
            <incrementalMFD minMag="4.55" binWidth="0.1">
                <occurRates>6.19651e-03 4.93837e-03 3.93650e-03 3.13852e-03 2.50280e-03 1.99626e-03 1.59255e-03 1.27073e-03 1.01415e-03 8.09527e-04 6.46317e-04 5.16110e-04 4.12212e-04 3.29291e-04 2.63099e-04 2.10251e-04 1.68049e-04 1.34342e-04 1.07415e-04 8.58996e-05 6.87060e-05 5.49632e-05 4.39767e-05 3.51922e-05 2.81671e-05 2.25480e-05 1.80528e-05 1.44561e-05 1.15778e-05 7.82726e-06 3.93035e-06 1.64308e-06 4.19828e-07</occurRates>
            </incrementalMFD>
            <nodalPlaneDist>
                <nodalPlane probability="0.3" strike="0.0" dip="30.0" rake="90.0" />
                <nodalPlane probability="0.2" strike="90.0" dip="30.0" rake="90.0" />
                <nodalPlane probability="0.3" strike="180.0" dip="30.0" rake="90.0" />
                <nodalPlane probability="0.2" strike="270.0" dip="30.0" rake="90.0" />
            </nodalPlaneDist>
            <hypoDepthDist>
                <hypoDepth probability="0.50" depth="10.0"/>
                <hypoDepth probability="0.25" depth="5.0"/>
                <hypoDepth probability="0.25" depth="15.0"/>
            </hypoDepthDist>
        </areaSource>

        <areaSource id="ZN3a" name="South-Central Australia" tectonicRegion="Cratonic">
            <areaGeometry>
                <gml:Polygon>
                    <gml:exterior>
                        <gml:LinearRing>
                            <gml:posList>
                                130.7955 -33.2828
                                121.3226 -34.9160
                                125.6378 -27.7630
                                129.3041 -28.0102
                                133.8128 -29.0778
                                132.0474 -30.2013
                                131.1807 -31.0680
                            </gml:posList>
                        </gml:LinearRing>
                    </gml:exterior>
                </gml:Polygon>
                <upperSeismoDepth>0.0</upperSeismoDepth>
                <lowerSeismoDepth>20.0</lowerSeismoDepth>
            </areaGeometry>
            <magScaleRel>Leonard2014_SCR</magScaleRel>
            <ruptAspectRatio>1.5</ruptAspectRatio>
            <incrementalMFD minMag="4.55" binWidth="0.1">
                <occurRates>2.35692e-02 2.00001e-02 1.69729e-02 1.44050e-02 1.22266e-02 1.03785e-02 8.81036e-03 7.47978e-03 6.35064e-03 5.39238e-03 4.57907e-03 3.88873e-03 3.30272e-03 2.80523e-03 2.38287e-03 2.02425e-03 1.71973e-03 1.46113e-03 1.24152e-03 1.05499e-03 8.96550e-04 7.61964e-04 6.47629e-04 5.50491e-04 4.67957e-04 3.97826e-04 3.38230e-04 2.87583e-04 2.08834e-04 1.09589e-04 5.35849e-05 2.03052e-05</occurRates>
            </incrementalMFD>
            <nodalPlaneDist>
                <nodalPlane probability="0.3" strike="0.0" dip="30.0" rake="90.0" />
                <nodalPlane probability="0.2" strike="90.0" dip="30.0" rake="90.0" />
                <nodalPlane probability="0.3" strike="180.0" dip="30.0" rake="90.0" />
                <nodalPlane probability="0.2" strike="270.0" dip="30.0" rake="90.0" />
            </nodalPlaneDist>
            <hypoDepthDist>
                <hypoDepth probability="0.50" depth="5.0"/>
                <hypoDepth probability="0.25" depth="2.5"/>
                <hypoDepth probability="0.25" depth="10.0"/>
            </hypoDepthDist>
        </areaSource>

        <areaSource id="ZN8b" name="Western Australia" tectonicRegion="Cratonic">
            <areaGeometry>
                <gml:Polygon>
                    <gml:exterior>
                        <gml:LinearRing>
                            <gml:posList>
                                116.0101 -34.2481
                                115.9635 -29.7310
                                116.2709 -29.9815
                                116.1606 -30.7702
                                116.1790 -31.3297
                                116.6193 -33.1552
                                117.3348 -32.9625
                                118.0411 -32.2012
                                118.2704 -31.2747
                                118.5823 -30.8160
                                118.4743 -30.2173
                                117.0432 -29.6969
                                116.2716 -29.9812
                                115.9634 -29.7308
                                115.5658 -28.7616
                                115.4326 -26.6867
                                115.5658 -25.3605
                                114.7283 -22.3339
                                115.7640 -20.7959
                                117.9694 -19.4766
                                119.8730 -19.2863
                                120.6820 -19.7146
                                121.7766 -23.0458
                                123.3654 -24.9060
                                125.6378 -27.7630
                                121.3226 -34.9160
                                118.4673 -34.6097
                            </gml:posList>
                        </gml:LinearRing>
                    </gml:exterior>
                </gml:Polygon>
                <upperSeismoDepth>0.0</upperSeismoDepth>
                <lowerSeismoDepth>20.0</lowerSeismoDepth>
            </areaGeometry>
            <magScaleRel>Leonard2014_SCR</magScaleRel>
            <ruptAspectRatio>1.5</ruptAspectRatio>
            <incrementalMFD minMag="4.55" binWidth="0.1">
                <occurRates>6.02261e-02 5.10667e-02 4.33040e-02 3.67243e-02 3.11469e-02 2.64188e-02 2.24102e-02 1.90115e-02 1.61295e-02 1.36855e-02 1.16128e-02 9.85479e-03 8.36360e-03 7.09863e-03 6.02547e-03 5.11495e-03 4.34237e-03 3.68678e-03 3.13042e-03 2.65822e-03 2.25743e-03 1.91722e-03 1.62841e-03 1.38321e-03 1.17502e-03 9.98247e-04 8.48132e-04 7.20646e-04 5.22963e-04 2.74251e-04 1.34010e-04 5.07479e-05</occurRates>
            </incrementalMFD>
            <nodalPlaneDist>
                <nodalPlane probability="0.3" strike="0.0" dip="30.0" rake="90.0" />
                <nodalPlane probability="0.2" strike="90.0" dip="30.0" rake="90.0" />
                <nodalPlane probability="0.3" strike="180.0" dip="30.0" rake="90.0" />
                <nodalPlane probability="0.2" strike="270.0" dip="30.0" rake="90.0" />
            </nodalPlaneDist>
            <hypoDepthDist>
                <hypoDepth probability="0.50" depth="5.0"/>
                <hypoDepth probability="0.25" depth="2.5"/>
                <hypoDepth probability="0.25" depth="10.0"/>
            </hypoDepthDist>
        </areaSource>

        <areaSource id="ZN4a" name="Eastern Australia Inner Zone" tectonicRegion="Non_cratonic">
            <areaGeometry>
                <gml:Polygon>
                    <gml:exterior>
                        <gml:LinearRing>
                            <gml:posList>
                                145.2499 -18.7170
                                146.9053 -22.9737
                                150.3888 -25.9005
                                148.6277 -30.7049
                                146.7836 -33.6792
                                144.8205 -34.7202
                                139.8704 -35.4925
                                140.7765 -33.6357
                                142.8117 -31.7639
                                142.6334 -30.9172
                                140.9994 -28.7632
                                139.5700 -28.6613
                                137.8573 -26.5408
                                139.8015 -24.6441
                            </gml:posList>
                        </gml:LinearRing>
                    </gml:exterior>
                </gml:Polygon>
                <upperSeismoDepth>0.0</upperSeismoDepth>
                <lowerSeismoDepth>20.0</lowerSeismoDepth>
            </areaGeometry>
            <magScaleRel>Leonard2014_SCR</magScaleRel>
            <ruptAspectRatio>1.5</ruptAspectRatio>
            <incrementalMFD minMag="4.55" binWidth="0.1">
                <occurRates>1.82213e-02 1.44846e-02 1.15167e-02 9.15900e-03 7.28553e-03 5.79653e-03 4.61285e-03 3.67166e-03 2.92314e-03 2.32770e-03 1.85394e-03 1.47692e-03 1.17681e-03 9.37877e-04 7.47608e-04 5.96059e-04 4.75327e-04 3.79125e-04 3.02452e-04 2.41333e-04 1.92602e-04 1.53741e-04 1.22744e-04 9.80152e-05 7.82830e-05 6.25349e-05 4.99639e-05 3.99273e-05 3.19125e-05 2.15314e-05 1.07902e-05 4.50197e-06 1.14808e-06</occurRates>
            </incrementalMFD>
            <nodalPlaneDist>
                <nodalPlane probability="0.3" strike="0.0" dip="30.0" rake="90.0" />
                <nodalPlane probability="0.2" strike="90.0" dip="30.0" rake="90.0" />
                <nodalPlane probability="0.3" strike="180.0" dip="30.0" rake="90.0" />
                <nodalPlane probability="0.2" strike="270.0" dip="30.0" rake="90.0" />
            </nodalPlaneDist>
            <hypoDepthDist>
                <hypoDepth probability="0.50" depth="10.0"/>
                <hypoDepth probability="0.25" depth="5.0"/>
                <hypoDepth probability="0.25" depth="15.0"/>
            </hypoDepthDist>
        </areaSource>

        <areaSource id="ZN4b" name="Eastern Australia" tectonicRegion="Non_cratonic">
            <areaGeometry>
                <gml:Polygon>
                    <gml:exterior>
                        <gml:LinearRing>
                            <gml:posList>
                                145.2499 -18.7170
                                146.0688 -17.9865
                                146.9492 -17.5106
                                152.2316 -21.7936
                                154.2457 -25.2656
                                152.0175 -34.0716
                                149.7237 -37.7234
                                146.2021 -37.5901
                                143.3393 -37.6277
                                139.2123 -37.5135
                                139.1175 -36.9410
                                138.2453 -35.8259
                                139.8704 -35.4925
                                144.8205 -34.7202
                                146.7836 -33.6792
                                148.6277 -30.7049
                                150.3888 -25.9005
                                146.9053 -22.9737
                            </gml:posList>
                        </gml:LinearRing>
                    </gml:exterior>
                </gml:Polygon>
                <upperSeismoDepth>0.0</upperSeismoDepth>
                <lowerSeismoDepth>20.0</lowerSeismoDepth>
            </areaGeometry>
            <magScaleRel>Leonard2014_SCR</magScaleRel>
            <ruptAspectRatio>1.5</ruptAspectRatio>
            <incrementalMFD minMag="4.55" binWidth="0.1">
                <occurRates>8.57523e-02 6.80658e-02 5.40396e-02 4.29136e-02 3.40861e-02 2.70806e-02 2.15198e-02 1.71047e-02 1.35985e-02 1.08134e-02 8.60065e-03 6.84219e-03 5.44445e-03 4.33319e-03 3.44950e-03 2.74661e-03 2.18741e-03 1.74243e-03 1.38827e-03 1.10632e-03 8.81819e-04 7.03018e-04 5.60586e-04 4.47101e-04 3.56661e-04 2.84573e-04 2.27099e-04 1.81269e-04 1.44715e-04 9.75282e-05 4.88202e-05 2.03466e-05 5.18303e-06</occurRates>
            </incrementalMFD>
            <nodalPlaneDist>
                <nodalPlane probability="0.3" strike="0.0" dip="30.0" rake="90.0" />
                <nodalPlane probability="0.2" strike="90.0" dip="30.0" rake="90.0" />
                <nodalPlane probability="0.3" strike="180.0" dip="30.0" rake="90.0" />
                <nodalPlane probability="0.2" strike="270.0" dip="30.0" rake="90.0" />
            </nodalPlaneDist>
            <hypoDepthDist>
                <hypoDepth probability="0.50" depth="10.0"/>
                <hypoDepth probability="0.25" depth="5.0"/>
                <hypoDepth probability="0.25" depth="15.0"/>
            </hypoDepthDist>
        </areaSource>

        <areaSource id="ZN3b" name="Central Australia" tectonicRegion="Cratonic">
            <areaGeometry>
                <gml:Polygon>
                    <gml:exterior>
                        <gml:LinearRing>
                            <gml:posList>
                                120.6820 -19.7146
                                127.5235 -20.6466
                                129.5222 -21.5032
                                132.7583 -21.6936
                                136.3433 -22.7029
                                138.1835 -23.9778
                                139.8015 -24.6441
                                137.8573 -26.5408
                                139.5700 -28.6613
                                139.0573 -29.1157
                                136.7255 -29.1550
                                135.8030 -28.9173
                                133.8128 -29.0778
                                129.3041 -28.0102
                                125.6378 -27.7630
                                123.3654 -24.9060
                                121.7766 -23.0458
                            </gml:posList>
                        </gml:LinearRing>
                    </gml:exterior>
                </gml:Polygon>
                <upperSeismoDepth>0.0</upperSeismoDepth>
                <lowerSeismoDepth>20.0</lowerSeismoDepth>
            </areaGeometry>
            <magScaleRel>Leonard2014_SCR</magScaleRel>
            <ruptAspectRatio>1.5</ruptAspectRatio>
            <incrementalMFD minMag="4.55" binWidth="0.1">
                <occurRates>7.29714e-02 6.18672e-02 5.24572e-02 4.44822e-02 3.77227e-02 3.19931e-02 2.71359e-02 2.30181e-02 1.95268e-02 1.65663e-02 1.40559e-02 1.19268e-02 1.01211e-02 8.58947e-03 7.29020e-03 6.18796e-03 5.25279e-03 4.45931e-03 3.78600e-03 3.21460e-03 2.72966e-03 2.31806e-03 1.96867e-03 1.67208e-03 1.42028e-03 1.20650e-03 1.02497e-03 8.70822e-04 6.31886e-04 3.31341e-04 1.61892e-04 6.13009e-05</occurRates>
            </incrementalMFD>
            <nodalPlaneDist>
                <nodalPlane probability="0.3" strike="0.0" dip="30.0" rake="90.0" />
                <nodalPlane probability="0.2" strike="90.0" dip="30.0" rake="90.0" />
                <nodalPlane probability="0.3" strike="180.0" dip="30.0" rake="90.0" />
                <nodalPlane probability="0.2" strike="270.0" dip="30.0" rake="90.0" />
            </nodalPlaneDist>
            <hypoDepthDist>
                <hypoDepth probability="0.50" depth="5.0"/>
                <hypoDepth probability="0.25" depth="2.5"/>
                <hypoDepth probability="0.25" depth="10.0"/>
            </hypoDepthDist>
        </areaSource>

        <areaSource id="ZN7a" name="Offshore Northeast" tectonicRegion="Extended">
            <areaGeometry>
                <gml:Polygon>
                    <gml:exterior>
                        <gml:LinearRing>
                            <gml:posList>
                                144.8315 -13.8938
                                154.8406 -16.0891
                                154.2457 -25.2656
                                152.2316 -21.7936
                                146.9492 -17.5106
                            </gml:posList>
                        </gml:LinearRing>
                    </gml:exterior>
                </gml:Polygon>
                <upperSeismoDepth>0.0</upperSeismoDepth>
                <lowerSeismoDepth>20.0</lowerSeismoDepth>
            </areaGeometry>
            <magScaleRel>Leonard2014_SCR</magScaleRel>
            <ruptAspectRatio>1.5</ruptAspectRatio>
            <incrementalMFD minMag="4.55" binWidth="0.1">
                <occurRates>1.20493e-02 1.01446e-02 8.54234e-03 7.19431e-03 6.05999e-03 5.10533e-03 4.30174e-03 3.62521e-03 3.05556e-03 2.57582e-03 2.17173e-03 1.83132e-03 1.54450e-03 1.30280e-03 1.09908e-03 9.27362e-04 7.82585e-04 6.60506e-04 5.57551e-04 4.70712e-04 3.97454e-04 3.35644e-04 2.83486e-04 2.39467e-04 2.02310e-04 1.70942e-04 1.44457e-04 1.22091e-04 1.03202e-04 8.72466e-05 6.35137e-05 3.87995e-05 1.35052e-05 3.92667e-06</occurRates>
            </incrementalMFD>
            <nodalPlaneDist>
                <nodalPlane probability="0.3" strike="0.0" dip="30.0" rake="90.0" />
                <nodalPlane probability="0.2" strike="90.0" dip="30.0" rake="90.0" />
                <nodalPlane probability="0.3" strike="180.0" dip="30.0" rake="90.0" />
                <nodalPlane probability="0.2" strike="270.0" dip="30.0" rake="90.0" />
            </nodalPlaneDist>
            <hypoDepthDist>
                <hypoDepth probability="0.50" depth="10.0"/>
                <hypoDepth probability="0.25" depth="5.0"/>
                <hypoDepth probability="0.25" depth="15.0"/>
            </hypoDepthDist>
        </areaSource>

        <areaSource id="ZN3c" name="Tasmania" tectonicRegion="Non_cratonic">
            <areaGeometry>
                <gml:Polygon>
                    <gml:exterior>
                        <gml:LinearRing>
                            <gml:posList>
                                143.2339 -39.0952
                                144.0905 -39.0952
                                145.5896 -40.6656
                                147.5883 -40.8798
                                148.0962 -39.6860
                                149.6839 -39.0622
                                149.6238 -41.0879
                                148.0295 -44.1812
                                146.6603 -44.8059
                                144.1058 -41.1054
                            </gml:posList>
                        </gml:LinearRing>
                    </gml:exterior>
                </gml:Polygon>
                <upperSeismoDepth>0.0</upperSeismoDepth>
                <lowerSeismoDepth>20.0</lowerSeismoDepth>
            </areaGeometry>
            <magScaleRel>Leonard2014_SCR</magScaleRel>
            <ruptAspectRatio>1.5</ruptAspectRatio>
            <incrementalMFD minMag="4.55" binWidth="0.1">
                <occurRates>8.39362e-03 6.68659e-03 5.32784e-03 4.24608e-03 3.38465e-03 2.69854e-03 2.15194e-03 1.71641e-03 1.36929e-03 1.09259e-03 8.71976e-04 6.96042e-04 5.55712e-04 4.43758e-04 3.54425e-04 2.83129e-04 2.26216e-04 1.80777e-04 1.44491e-04 1.15509e-04 9.23564e-05 7.38576e-05 5.90743e-05 4.72581e-05 3.78118e-05 3.02587e-05 2.42185e-05 1.93871e-05 1.55221e-05 1.04905e-05 5.26605e-06 2.20080e-06 5.62163e-07</occurRates>
            </incrementalMFD>
            <nodalPlaneDist>
                <nodalPlane probability="0.3" strike="0.0" dip="30.0" rake="90.0" />
                <nodalPlane probability="0.2" strike="90.0" dip="30.0" rake="90.0" />
                <nodalPlane probability="0.3" strike="180.0" dip="30.0" rake="90.0" />
                <nodalPlane probability="0.2" strike="270.0" dip="30.0" rake="90.0" />
            </nodalPlaneDist>
            <hypoDepthDist>
                <hypoDepth probability="0.50" depth="10.0"/>
                <hypoDepth probability="0.25" depth="5.0"/>
                <hypoDepth probability="0.25" depth="15.0"/>
            </hypoDepthDist>
        </areaSource>

        <areaSource id="ZN7b" name="Offshore South" tectonicRegion="Extended">
            <areaGeometry>
                <gml:Polygon>
                    <gml:exterior>
                        <gml:LinearRing>
                            <gml:posList>
                                139.5219 -39.4740
                                134.9154 -37.4930
                                127.8365 -37.0171
                                119.0325 -38.0284
                                116.6530 -37.7905
                                114.9874 -36.8982
                                111.3587 -37.4930
                                109.8121 -34.9946
                                113.4222 -34.5726
                                116.0101 -34.2494
                                118.4673 -34.6110
                                121.3226 -34.9172
                                130.7955 -33.2828
                                132.6894 -34.2150
                                134.7116 -35.0174
                                136.2577 -35.5637
                                137.6891 -35.6081
                                138.2453 -35.8259
                                139.1175 -36.9422
                                139.2123 -37.5135
                            </gml:posList>
                        </gml:LinearRing>
                    </gml:exterior>
                </gml:Polygon>
                <upperSeismoDepth>0.0</upperSeismoDepth>
                <lowerSeismoDepth>20.0</lowerSeismoDepth>
            </areaGeometry>
            <magScaleRel>Leonard2014_SCR</magScaleRel>
            <ruptAspectRatio>1.5</ruptAspectRatio>
            <incrementalMFD minMag="4.55" binWidth="0.1">
                <occurRates>1.13336e-02 9.54442e-03 8.03898e-03 6.77209e-03 5.70575e-03 4.80808e-03 4.05228e-03 3.41581e-03 2.87975e-03 2.42819e-03 2.04775e-03 1.72718e-03 1.45701e-03 1.22928e-03 1.03730e-03 8.75430e-04 7.38925e-04 6.23796e-04 5.26679e-04 4.44744e-04 3.75609e-04 3.17264e-04 2.68019e-04 2.26449e-04 1.91351e-04 1.61715e-04 1.36687e-04 1.15548e-04 9.76905e-05 8.26033e-05 6.01452e-05 3.67487e-05 1.27938e-05 3.72052e-06</occurRates>
            </incrementalMFD>
            <nodalPlaneDist>
                <nodalPlane probability="0.3" strike="0.0" dip="30.0" rake="90.0" />
                <nodalPlane probability="0.2" strike="90.0" dip="30.0" rake="90.0" />
                <nodalPlane probability="0.3" strike="180.0" dip="30.0" rake="90.0" />
                <nodalPlane probability="0.2" strike="270.0" dip="30.0" rake="90.0" />
            </nodalPlaneDist>
            <hypoDepthDist>
                <hypoDepth probability="0.50" depth="10.0"/>
                <hypoDepth probability="0.25" depth="5.0"/>
                <hypoDepth probability="0.25" depth="15.0"/>
            </hypoDepthDist>
        </areaSource>

        <areaSource id="ZN7c" name="Offshore East" tectonicRegion="Extended">
            <areaGeometry>
                <gml:Polygon>
                    <gml:exterior>
                        <gml:LinearRing>
                            <gml:posList>
                                149.7237 -37.7234
                                152.0175 -34.0716
                                154.2457 -25.2656
                                154.4305 -22.4147
                                156.0929 -22.4782
                                156.5212 -30.1876
                                151.4563 -39.1093
                                149.6238 -41.0879
                                149.6839 -39.0622
                            </gml:posList>
                        </gml:LinearRing>
                    </gml:exterior>
                </gml:Polygon>
                <upperSeismoDepth>0.0</upperSeismoDepth>
                <lowerSeismoDepth>20.0</lowerSeismoDepth>
            </areaGeometry>
            <magScaleRel>Leonard2014_SCR</magScaleRel>
            <ruptAspectRatio>1.5</ruptAspectRatio>
            <incrementalMFD minMag="4.55" binWidth="0.1">
                <occurRates>9.82182e-03 8.27389e-03 6.97103e-03 5.87424e-03 4.95080e-03 4.17317e-03 3.51822e-03 2.96652e-03 2.50171e-03 2.11005e-03 1.77997e-03 1.50175e-03 1.26720e-03 1.06944e-03 9.02677e-04 7.62024e-04 6.43379e-04 5.43284e-04 4.58824e-04 3.87549e-04 3.27390e-04 2.76608e-04 2.33733e-04 1.97531e-04 1.66958e-04 1.41135e-04 1.19321e-04 1.00892e-04 8.53202e-05 7.21607e-05 5.25540e-05 3.21180e-05 1.11842e-05 3.25318e-06</occurRates>
            </incrementalMFD>
            <nodalPlaneDist>
                <nodalPlane probability="0.3" strike="0.0" dip="30.0" rake="90.0" />
                <nodalPlane probability="0.2" strike="90.0" dip="30.0" rake="90.0" />
                <nodalPlane probability="0.3" strike="180.0" dip="30.0" rake="90.0" />
                <nodalPlane probability="0.2" strike="270.0" dip="30.0" rake="90.0" />
            </nodalPlaneDist>
            <hypoDepthDist>
                <hypoDepth probability="0.50" depth="10.0"/>
                <hypoDepth probability="0.25" depth="5.0"/>
                <hypoDepth probability="0.25" depth="15.0"/>
            </hypoDepthDist>
        </areaSource>

        <areaSource id="ZN6b" name="West Coast" tectonicRegion="Extended">
            <areaGeometry>
                <gml:Polygon>
                    <gml:exterior>
                        <gml:LinearRing>
                            <gml:posList>
                                116.0101 -34.2481
                                113.4222 -34.5714
                                114.7969 -31.5481
                                112.5602 -27.5982
                                111.5608 -25.4091
                                111.5608 -23.7911
                                113.4168 -21.7447
                                115.7486 -19.0322
                                119.4606 -16.2720
                                121.5545 -14.5112
                                121.6497 -12.4648
                                124.2458 -13.6825
                                123.2387 -14.9119
                                120.7455 -16.9382
                                119.8730 -19.2863
                                117.9694 -19.4766
                                115.7640 -20.7959
                                114.7283 -22.3339
                                115.5658 -25.3605
                                115.4326 -26.6867
                                115.5658 -28.7616
                                115.9634 -29.7308
                                115.9635 -29.7310
                            </gml:posList>
                        </gml:LinearRing>
                    </gml:exterior>
                </gml:Polygon>
                <upperSeismoDepth>0.0</upperSeismoDepth>
                <lowerSeismoDepth>20.0</lowerSeismoDepth>
            </areaGeometry>
            <magScaleRel>Leonard2014_SCR</magScaleRel>
            <ruptAspectRatio>1.5</ruptAspectRatio>
            <incrementalMFD minMag="4.55" binWidth="0.1">
                <occurRates>5.13493e-02 4.31302e-02 3.62329e-02 3.04439e-02 2.55842e-02 2.15040e-02 1.80776e-02 1.51997e-02 1.27821e-02 1.07509e-02 9.04398e-03 7.60933e-03 6.40332e-03 5.38934e-03 4.53667e-03 3.81953e-03 3.21627e-03 2.70872e-03 2.28163e-03 1.92219e-03 1.61963e-03 1.36491e-03 1.15042e-03 9.69793e-04 8.17650e-04 6.89480e-04 5.81489e-04 4.90485e-04 4.13785e-04 3.49131e-04 2.53669e-04 1.54666e-04 5.37335e-05 1.55938e-05</occurRates>
            </incrementalMFD>
            <nodalPlaneDist>
                <nodalPlane probability="0.3" strike="0.0" dip="30.0" rake="90.0" />
                <nodalPlane probability="0.2" strike="90.0" dip="30.0" rake="90.0" />
                <nodalPlane probability="0.3" strike="180.0" dip="30.0" rake="90.0" />
                <nodalPlane probability="0.2" strike="270.0" dip="30.0" rake="90.0" />
            </nodalPlaneDist>
            <hypoDepthDist>
                <hypoDepth probability="0.50" depth="10.0"/>
                <hypoDepth probability="0.25" depth="5.0"/>
                <hypoDepth probability="0.25" depth="15.0"/>
            </hypoDepthDist>
        </areaSource>

        <areaSource id="ZN7d" name="Offshore West" tectonicRegion="Extended">
            <areaGeometry>
                <gml:Polygon>
                    <gml:exterior>
                        <gml:LinearRing>
                            <gml:posList>
                                121.6497 -12.4648
                                121.5545 -14.5112
                                119.4606 -16.2720
                                115.7486 -19.0322
                                113.4168 -21.7447
                                111.5608 -23.7911
                                111.5608 -25.4091
                                112.5602 -27.5982
                                114.7969 -31.5481
                                113.4222 -34.5714
                                109.8121 -34.9934
                                112.3709 -32.8588
                                112.5613 -31.0504
                                110.5625 -27.7192
                                110.1818 -24.2927
                                110.4673 -20.6760
                                110.6577 -19.6290
                                116.2732 -16.4881
                                119.4141 -14.5845
                            </gml:posList>
                        </gml:LinearRing>
                    </gml:exterior>
                </gml:Polygon>
                <upperSeismoDepth>0.0</upperSeismoDepth>
                <lowerSeismoDepth>20.0</lowerSeismoDepth>
            </areaGeometry>
            <magScaleRel>Leonard2014_SCR</magScaleRel>
            <ruptAspectRatio>1.5</ruptAspectRatio>
            <incrementalMFD minMag="4.55" binWidth="0.1">
                <occurRates>3.65603e-02 3.07204e-02 2.58177e-02 2.17011e-02 1.82440e-02 1.53403e-02 1.29008e-02 1.08511e-02 9.12863e-03 7.68082e-03 6.46370e-03 5.44034e-03 4.57974e-03 3.85591e-03 3.24700e-03 2.73469e-03 2.30357e-03 1.94072e-03 1.63529e-03 1.37814e-03 1.16160e-03 9.79239e-04 8.25632e-04 6.96226e-04 5.87190e-04 4.95304e-04 4.17859e-04 3.52574e-04 2.97532e-04 2.51120e-04 1.82512e-04 1.11314e-04 3.86839e-05 1.12296e-05</occurRates>
            </incrementalMFD>
            <nodalPlaneDist>
                <nodalPlane probability="0.3" strike="0.0" dip="30.0" rake="90.0" />
                <nodalPlane probability="0.2" strike="90.0" dip="30.0" rake="90.0" />
                <nodalPlane probability="0.3" strike="180.0" dip="30.0" rake="90.0" />
                <nodalPlane probability="0.2" strike="270.0" dip="30.0" rake="90.0" />
            </nodalPlaneDist>
            <hypoDepthDist>
                <hypoDepth probability="0.50" depth="10.0"/>
                <hypoDepth probability="0.25" depth="5.0"/>
                <hypoDepth probability="0.25" depth="15.0"/>
            </hypoDepthDist>
        </areaSource>

        <areaSource id="ZN8a" name="Southwest Seismic Zone" tectonicRegion="Cratonic">
            <areaGeometry>
                <gml:Polygon>
                    <gml:exterior>
                        <gml:LinearRing>
                            <gml:posList>
                                116.6193 -33.1552
                                116.1790 -31.3297
                                116.1606 -30.7702
                                116.2709 -29.9815
                                116.2716 -29.9812
                                117.0432 -29.6969
                                118.4743 -30.2173
                                118.5823 -30.8160
                                118.2704 -31.2747
                                118.0411 -32.2012
                                117.3348 -32.9625
                            </gml:posList>
                        </gml:LinearRing>
                    </gml:exterior>
                </gml:Polygon>
                <upperSeismoDepth>0.0</upperSeismoDepth>
                <lowerSeismoDepth>20.0</lowerSeismoDepth>
            </areaGeometry>
            <magScaleRel>Leonard2014_SCR</magScaleRel>
            <ruptAspectRatio>1.5</ruptAspectRatio>
            <incrementalMFD minMag="4.55" binWidth="0.1">
                <occurRates>4.07478e-02 3.45606e-02 2.93153e-02 2.48681e-02 2.10973e-02 1.78997e-02 1.51880e-02 1.28881e-02 1.09374e-02 9.28268e-03 7.87894e-03 6.68800e-03 5.67754e-03 4.82012e-03 4.09251e-03 3.47501e-03 2.95092e-03 2.50606e-03 2.12843e-03 1.80785e-03 1.53567e-03 1.30457e-03 1.10833e-03 9.41680e-04 8.00151e-04 6.79944e-04 5.77839e-04 4.91104e-04 3.56475e-04 1.86988e-04 9.13919e-05 3.46173e-05</occurRates>
            </incrementalMFD>
            <nodalPlaneDist>
                <nodalPlane probability="0.3" strike="0.0" dip="30.0" rake="90.0" />
                <nodalPlane probability="0.2" strike="90.0" dip="30.0" rake="90.0" />
                <nodalPlane probability="0.3" strike="180.0" dip="30.0" rake="90.0" />
                <nodalPlane probability="0.2" strike="270.0" dip="30.0" rake="90.0" />
            </nodalPlaneDist>
            <hypoDepthDist>
                <hypoDepth probability="0.50" depth="5.0"/>
                <hypoDepth probability="0.25" depth="2.5"/>
                <hypoDepth probability="0.25" depth="10.0"/>
            </hypoDepthDist>
        </areaSource>

        <areaSource id="ZN2b" name="Eastern Sprigg Orogen" tectonicRegion="Non_cratonic">
            <areaGeometry>
                <gml:Polygon>
                    <gml:exterior>
                        <gml:LinearRing>
                            <gml:posList>
                                138.2453 -35.8259
                                139.5971 -34.2163
                                140.0397 -32.8314
                                139.5700 -28.6613
                                140.9994 -28.7632
                                142.6334 -30.9172
                                142.8117 -31.7639
                                140.7765 -33.6357
                                139.8704 -35.4925
                            </gml:posList>
                        </gml:LinearRing>
                    </gml:exterior>
                </gml:Polygon>
                <upperSeismoDepth>0.0</upperSeismoDepth>
                <lowerSeismoDepth>20.0</lowerSeismoDepth>
            </areaGeometry>
            <magScaleRel>Leonard2014_SCR</magScaleRel>
            <ruptAspectRatio>1.5</ruptAspectRatio>
            <incrementalMFD minMag="4.55" binWidth="0.1">
                <occurRates>3.11209e-03 2.48223e-03 1.98024e-03 1.58008e-03 1.26103e-03 1.00660e-03 8.03658e-04 6.41753e-04 5.12562e-04 4.09455e-04 3.27149e-04 2.61435e-04 2.08959e-04 1.67046e-04 1.33564e-04 1.06811e-04 8.54319e-05 6.83436e-05 5.46826e-05 4.37595e-05 3.50242e-05 2.80372e-05 2.24477e-05 1.79753e-05 1.43963e-05 1.15317e-05 9.23850e-06 7.40246e-06 5.93219e-06 4.01292e-06 2.01623e-06 8.43379e-07 2.15619e-07</occurRates>
            </incrementalMFD>
            <nodalPlaneDist>
                <nodalPlane probability="0.3" strike="0.0" dip="30.0" rake="90.0" />
                <nodalPlane probability="0.2" strike="90.0" dip="30.0" rake="90.0" />
                <nodalPlane probability="0.3" strike="180.0" dip="30.0" rake="90.0" />
                <nodalPlane probability="0.2" strike="270.0" dip="30.0" rake="90.0" />
            </nodalPlaneDist>
            <hypoDepthDist>
                <hypoDepth probability="0.50" depth="10.0"/>
                <hypoDepth probability="0.25" depth="5.0"/>
                <hypoDepth probability="0.25" depth="15.0"/>
            </hypoDepthDist>
        </areaSource>

    </sourceModel>
</nrml>