<?xml version="1.0" encoding="UTF-8"?>
<nrml xmlns:gml="http://www.opengis.net/gml"
      xmlns="http://openquake.org/xmlns/nrml/0.4">

    <logicTree logicTreeID="lt1">
        <logicTreeBranchingLevel branchingLevelID="bl1">
            <logicTreeBranchSet uncertaintyType="sourceModel"
                                branchSetID="bs1">

                <logicTreeBranch branchID="b1">
                    <uncertaintyModel>AUS6_collapsed.xml</uncertaintyModel>
                    <uncertaintyWeight>0.027</uncertaintyWeight>
                </logicTreeBranch>

                <logicTreeBranch branchID="b2">
                    <uncertaintyModel>NSHA13_collapsed.xml</uncertaintyModel>
                    <uncertaintyWeight>0.038</uncertaintyWeight>
                </logicTreeBranch>

                <logicTreeBranch branchID="b3">
                    <uncertaintyModel>DIMAUS_collapsed.xml</uncertaintyModel>
                    <uncertaintyWeight>0.028</uncertaintyWeight>
                </logicTreeBranch>

                <logicTreeBranch branchID="b4">
                    <uncertaintyModel>NFSM_NSHA13_collapsed_additve_w1.xml</uncertaintyModel>
                    <uncertaintyWeight>0.309</uncertaintyWeight>
                </logicTreeBranch>

                <logicTreeBranch branchID="b5">
                    <uncertaintyModel>NFSM_DIMAUS_collapsed_additive_w1.xml</uncertaintyModel>
                    <uncertaintyWeight>0.165</uncertaintyWeight>
                </logicTreeBranch>

                <logicTreeBranch branchID="b6">
                    <uncertaintyModel>NFSM_AUS6_collapsed_additive_w1.xml</uncertaintyModel>
                    <uncertaintyWeight>0.13</uncertaintyWeight>
                </logicTreeBranch>

                <logicTreeBranch branchID="b7">
                    <uncertaintyModel>Leonard08_collapsed.xml</uncertaintyModel>
                    <uncertaintyWeight>0.053</uncertaintyWeight>
                </logicTreeBranch>

                <logicTreeBranch branchID="b8">
                    <uncertaintyModel>Domains_collapsed.xml</uncertaintyModel>
                    <uncertaintyWeight>0.092</uncertaintyWeight>
                </logicTreeBranch>

                <logicTreeBranch branchID="b9">
                    <uncertaintyModel>SinMcC2016_collapsed.xml</uncertaintyModel>
                    <uncertaintyWeight>0.019</uncertaintyWeight>
                </logicTreeBranch>

                <logicTreeBranch branchID="b10">
                    <uncertaintyModel>ARUP_collapsed.xml</uncertaintyModel>
                    <uncertaintyWeight>0.052</uncertaintyWeight>
                </logicTreeBranch>

                <logicTreeBranch branchID="b11">
                    <uncertaintyModel>ARUP_Background_collapsed.xml</uncertaintyModel>
                    <uncertaintyWeight>0.051</uncertaintyWeight>
                </logicTreeBranch>

                <logicTreeBranch branchID="b12">
                    <uncertaintyModel>NSHA13_BACKGROUND_collapsed.xml</uncertaintyModel>
                    <uncertaintyWeight>0.036</uncertaintyWeight>
                </logicTreeBranch>

            </logicTreeBranchSet>
        </logicTreeBranchingLevel>
    </logicTree>
</nrml>