<?xml version="1.0" encoding="utf-8"?>
<nrml xmlns:gml="http://www.opengis.net/gml"
      xmlns="http://openquake.org/xmlns/nrml/0.4">

    <sourceModel name="collapsed_collapsed">

        <areaSource id="ZN1a" name="Zone 1a" tectonicRegion="Non_cratonic">
            <areaGeometry>
                <gml:Polygon>
                    <gml:exterior>
                        <gml:LinearRing>
                            <gml:posList>
                                137.5107 -34.7515
                                137.6891 -35.6081
                                136.2577 -35.5637
                                134.7170 -35.0180
                                132.6894 -34.2150
                                130.7955 -33.2828
                                130.9934 -32.0969
                                131.1860 -31.0698
                                132.0527 -30.2031
                                133.8182 -29.0796
                                135.8083 -28.9191
                                136.7255 -29.1550
                                137.5077 -31.4104
                                137.9747 -33.4665
                            </gml:posList>
                        </gml:LinearRing>
                    </gml:exterior>
                </gml:Polygon>
                <upperSeismoDepth>0.0</upperSeismoDepth>
                <lowerSeismoDepth>20.0</lowerSeismoDepth>
            </areaGeometry>
            <magScaleRel>Leonard2014_SCR</magScaleRel>
            <ruptAspectRatio>1.5</ruptAspectRatio>
            <incrementalMFD minMag="4.55" binWidth="0.1">
                <occurRates>4.43551e-03 3.41616e-03 2.63241e-03 2.02949e-03 1.56544e-03 1.20808e-03 9.32749e-04 7.20506e-04 5.56816e-04 4.30510e-04 3.33004e-04 2.57695e-04 1.99504e-04 1.54518e-04 1.19726e-04 9.28050e-05 7.19663e-05 5.58285e-05 4.33260e-05 3.36360e-05 2.61227e-05 2.02949e-05 1.57728e-05 1.22625e-05 9.53657e-06 7.41904e-06 5.77354e-06 4.49439e-06 3.49970e-06 2.30071e-06 1.12354e-06 4.56855e-07 1.13555e-07</occurRates>
            </incrementalMFD>
            <nodalPlaneDist>
                <nodalPlane probability="0.3" strike="0.0" dip="30.0" rake="90.0" />
                <nodalPlane probability="0.2" strike="90.0" dip="30.0" rake="90.0" />
                <nodalPlane probability="0.3" strike="180.0" dip="30.0" rake="90.0" />
                <nodalPlane probability="0.2" strike="270.0" dip="30.0" rake="90.0" />
            </nodalPlaneDist>
            <hypoDepthDist>
                <hypoDepth probability="0.50" depth="10.0"/>
                <hypoDepth probability="0.25" depth="5.0"/>
                <hypoDepth probability="0.25" depth="15.0"/>
            </hypoDepthDist>
        </areaSource>

        <areaSource id="ZN1b" name="Zone 1b" tectonicRegion="Cratonic">
            <areaGeometry>
                <gml:Polygon>
                    <gml:exterior>
                        <gml:LinearRing>
                            <gml:posList>
                                145.2499 -18.7170
                                139.8015 -24.6441
                                138.1835 -23.9778
                                136.3433 -22.7029
                                132.7583 -21.6936
                                129.5222 -21.5032
                                127.5235 -20.6466
                                127.5235 -19.0286
                                130.0933 -15.6021
                                131.4359 -10.0177
                                134.5667 -8.1782
                                139.3057 -8.3190
                                144.0845 -9.3204
                                144.2312 -11.4242
                                144.8315 -13.8938
                                146.9492 -17.5106
                                146.0688 -17.9865
                            </gml:posList>
                        </gml:LinearRing>
                    </gml:exterior>
                </gml:Polygon>
                <upperSeismoDepth>0.0</upperSeismoDepth>
                <lowerSeismoDepth>20.0</lowerSeismoDepth>
            </areaGeometry>
            <magScaleRel>Leonard2014_SCR</magScaleRel>
            <ruptAspectRatio>1.5</ruptAspectRatio>
            <incrementalMFD minMag="4.55" binWidth="0.1">
                <occurRates>1.82470e-02 1.53206e-02 1.28651e-02 1.08044e-02 9.07492e-03 7.62317e-03 6.40441e-03 5.38113e-03 4.52188e-03 3.80028e-03 3.19420e-03 2.68508e-03 2.25738e-03 1.89801e-03 1.59604e-03 1.34226e-03 1.12896e-03 9.49663e-04 7.98928e-04 6.72192e-04 5.65622e-04 4.76000e-04 4.00621e-04 3.37215e-04 2.83874e-04 2.38996e-04 2.01234e-04 1.69456e-04 1.21875e-04 6.33452e-05 3.06785e-05 1.15149e-05</occurRates>
            </incrementalMFD>
            <nodalPlaneDist>
                <nodalPlane probability="0.3" strike="0.0" dip="30.0" rake="90.0" />
                <nodalPlane probability="0.2" strike="90.0" dip="30.0" rake="90.0" />
                <nodalPlane probability="0.3" strike="180.0" dip="30.0" rake="90.0" />
                <nodalPlane probability="0.2" strike="270.0" dip="30.0" rake="90.0" />
            </nodalPlaneDist>
            <hypoDepthDist>
                <hypoDepth probability="0.50" depth="5.0"/>
                <hypoDepth probability="0.25" depth="2.5"/>
                <hypoDepth probability="0.25" depth="10.0"/>
            </hypoDepthDist>
        </areaSource>

        <areaSource id="ZN2" name="Zone 2" tectonicRegion="Non_cratonic">
            <areaGeometry>
                <gml:Polygon>
                    <gml:exterior>
                        <gml:LinearRing>
                            <gml:posList>
                                139.8704 -35.4925
                                138.2453 -35.8247
                                137.6838 -35.6063
                                137.5053 -34.7497
                                137.9693 -33.4648
                                137.5023 -31.4086
                                136.7201 -29.1532
                                139.0573 -29.1157
                                139.5700 -28.6613
                                140.9994 -28.7632
                                142.6334 -30.9172
                                142.8117 -31.7639
                                140.7765 -33.6357
                            </gml:posList>
                        </gml:LinearRing>
                    </gml:exterior>
                </gml:Polygon>
                <upperSeismoDepth>0.0</upperSeismoDepth>
                <lowerSeismoDepth>20.0</lowerSeismoDepth>
            </areaGeometry>
            <magScaleRel>Leonard2014_SCR</magScaleRel>
            <ruptAspectRatio>1.5</ruptAspectRatio>
            <incrementalMFD minMag="4.55" binWidth="0.1">
                <occurRates>1.69161e-02 1.29640e-02 9.94078e-03 7.62685e-03 5.85477e-03 4.49688e-03 3.45580e-03 2.65716e-03 2.04416e-03 1.57340e-03 1.21167e-03 9.33583e-04 7.19677e-04 5.55055e-04 4.28297e-04 3.30645e-04 2.55378e-04 1.97335e-04 1.52554e-04 1.17988e-04 9.12935e-05 7.06692e-05 5.47274e-05 4.23993e-05 3.28617e-05 2.54797e-05 1.97636e-05 1.53358e-05 1.19044e-05 7.80212e-06 3.79877e-06 1.54016e-06 3.81730e-07</occurRates>
            </incrementalMFD>
            <nodalPlaneDist>
                <nodalPlane probability="0.3" strike="0.0" dip="30.0" rake="90.0" />
                <nodalPlane probability="0.2" strike="90.0" dip="30.0" rake="90.0" />
                <nodalPlane probability="0.3" strike="180.0" dip="30.0" rake="90.0" />
                <nodalPlane probability="0.2" strike="270.0" dip="30.0" rake="90.0" />
            </nodalPlaneDist>
            <hypoDepthDist>
                <hypoDepth probability="0.50" depth="10.0"/>
                <hypoDepth probability="0.25" depth="5.0"/>
                <hypoDepth probability="0.25" depth="15.0"/>
            </hypoDepthDist>
        </areaSource>

        <areaSource id="ZN3a" name="Zone 3a" tectonicRegion="Non_cratonic">
            <areaGeometry>
                <gml:Polygon>
                    <gml:exterior>
                        <gml:LinearRing>
                            <gml:posList>
                                149.6839 -39.0622
                                149.6238 -41.0879
                                148.0295 -44.1812
                                146.6603 -44.8059
                                144.1058 -41.1054
                                143.2339 -39.0952
                                144.0905 -39.0952
                                145.5896 -40.6656
                                147.5883 -40.8798
                                148.0962 -39.6860
                            </gml:posList>
                        </gml:LinearRing>
                    </gml:exterior>
                </gml:Polygon>
                <upperSeismoDepth>0.0</upperSeismoDepth>
                <lowerSeismoDepth>20.0</lowerSeismoDepth>
            </areaGeometry>
            <magScaleRel>Leonard2014_SCR</magScaleRel>
            <ruptAspectRatio>1.5</ruptAspectRatio>
            <incrementalMFD minMag="4.55" binWidth="0.1">
                <occurRates>4.72605e-03 3.63993e-03 2.80484e-03 2.16243e-03 1.66798e-03 1.28721e-03 9.93846e-04 7.67701e-04 5.93289e-04 4.58710e-04 3.54817e-04 2.74575e-04 2.12572e-04 1.64639e-04 1.27568e-04 9.88839e-05 7.66802e-05 5.94854e-05 4.61640e-05 3.58392e-05 2.78338e-05 2.16243e-05 1.68059e-05 1.30657e-05 1.01612e-05 7.90501e-06 6.15172e-06 4.78878e-06 3.72894e-06 2.45141e-06 1.19714e-06 4.86780e-07 1.20993e-07</occurRates>
            </incrementalMFD>
            <nodalPlaneDist>
                <nodalPlane probability="0.3" strike="0.0" dip="30.0" rake="90.0" />
                <nodalPlane probability="0.2" strike="90.0" dip="30.0" rake="90.0" />
                <nodalPlane probability="0.3" strike="180.0" dip="30.0" rake="90.0" />
                <nodalPlane probability="0.2" strike="270.0" dip="30.0" rake="90.0" />
            </nodalPlaneDist>
            <hypoDepthDist>
                <hypoDepth probability="0.50" depth="10.0"/>
                <hypoDepth probability="0.25" depth="5.0"/>
                <hypoDepth probability="0.25" depth="15.0"/>
            </hypoDepthDist>
        </areaSource>

        <areaSource id="ZN3b" name="Zone 3b" tectonicRegion="Cratonic">
            <areaGeometry>
                <gml:Polygon>
                    <gml:exterior>
                        <gml:LinearRing>
                            <gml:posList>
                                139.5700 -28.6613
                                139.0573 -29.1157
                                136.7201 -29.1532
                                135.8030 -28.9173
                                133.8128 -29.0778
                                132.0474 -30.2013
                                131.1807 -31.0680
                                130.7955 -33.2828
                                121.3226 -34.9160
                                125.6378 -27.7630
                                123.3654 -24.9060
                                121.7766 -23.0458
                                120.6820 -19.7146
                                127.5235 -20.6466
                                129.5222 -21.5032
                                132.7583 -21.6936
                                136.3433 -22.7029
                                138.1835 -23.9778
                                139.8015 -24.6441
                                137.8573 -26.5408
                            </gml:posList>
                        </gml:LinearRing>
                    </gml:exterior>
                </gml:Polygon>
                <upperSeismoDepth>0.0</upperSeismoDepth>
                <lowerSeismoDepth>20.0</lowerSeismoDepth>
            </areaGeometry>
            <magScaleRel>Leonard2014_SCR</magScaleRel>
            <ruptAspectRatio>1.5</ruptAspectRatio>
            <incrementalMFD minMag="4.55" binWidth="0.1">
                <occurRates>5.51104e-02 4.62052e-02 3.87438e-02 3.24914e-02 2.72513e-02 2.28592e-02 1.91773e-02 1.60905e-02 1.35022e-02 1.13316e-02 9.51111e-03 7.98406e-03 6.70300e-03 5.62817e-03 4.72625e-03 3.96934e-03 3.33404e-03 2.80076e-03 2.35305e-03 1.97714e-03 1.66147e-03 1.39637e-03 1.17370e-03 9.86653e-04 8.29508e-04 6.97471e-04 5.86516e-04 4.93268e-04 3.54317e-04 1.83926e-04 8.89658e-05 3.33510e-05</occurRates>
            </incrementalMFD>
            <nodalPlaneDist>
                <nodalPlane probability="0.3" strike="0.0" dip="30.0" rake="90.0" />
                <nodalPlane probability="0.2" strike="90.0" dip="30.0" rake="90.0" />
                <nodalPlane probability="0.3" strike="180.0" dip="30.0" rake="90.0" />
                <nodalPlane probability="0.2" strike="270.0" dip="30.0" rake="90.0" />
            </nodalPlaneDist>
            <hypoDepthDist>
                <hypoDepth probability="0.50" depth="5.0"/>
                <hypoDepth probability="0.25" depth="2.5"/>
                <hypoDepth probability="0.25" depth="10.0"/>
            </hypoDepthDist>
        </areaSource>

        <areaSource id="ZN4" name="Zone 4" tectonicRegion="Non_cratonic">
            <areaGeometry>
                <gml:Polygon>
                    <gml:exterior>
                        <gml:LinearRing>
                            <gml:posList>
                                152.0175 -34.0716
                                149.7237 -37.7234
                                146.2021 -37.5901
                                143.3393 -37.6277
                                139.2123 -37.5135
                                139.1175 -36.9410
                                138.2453 -35.8247
                                139.8704 -35.4925
                                140.7765 -33.6357
                                142.8117 -31.7639
                                142.6334 -30.9172
                                140.9994 -28.7632
                                139.5700 -28.6613
                                137.8573 -26.5408
                                139.8015 -24.6441
                                145.2499 -18.7170
                                146.0688 -17.9865
                                146.9492 -17.5106
                                152.2316 -21.7936
                                154.2457 -25.2656
                            </gml:posList>
                        </gml:LinearRing>
                    </gml:exterior>
                </gml:Polygon>
                <upperSeismoDepth>0.0</upperSeismoDepth>
                <lowerSeismoDepth>20.0</lowerSeismoDepth>
            </areaGeometry>
            <magScaleRel>Leonard2014_SCR</magScaleRel>
            <ruptAspectRatio>1.5</ruptAspectRatio>
            <incrementalMFD minMag="4.55" binWidth="0.1">
                <occurRates>4.87984e-02 3.73308e-02 2.85748e-02 2.18852e-02 1.67714e-02 1.28598e-02 9.86608e-03 7.57352e-03 5.81690e-03 4.47015e-03 3.43706e-03 2.64414e-03 2.03521e-03 1.56733e-03 1.20763e-03 9.30952e-04 7.18019e-04 5.54061e-04 4.27748e-04 3.30388e-04 2.55307e-04 1.97379e-04 1.52663e-04 1.18130e-04 9.14475e-05 7.08222e-05 5.48717e-05 4.25309e-05 3.29788e-05 2.15912e-05 1.05017e-05 4.25346e-06 1.05319e-06</occurRates>
            </incrementalMFD>
            <nodalPlaneDist>
                <nodalPlane probability="0.3" strike="0.0" dip="30.0" rake="90.0" />
                <nodalPlane probability="0.2" strike="90.0" dip="30.0" rake="90.0" />
                <nodalPlane probability="0.3" strike="180.0" dip="30.0" rake="90.0" />
                <nodalPlane probability="0.2" strike="270.0" dip="30.0" rake="90.0" />
            </nodalPlaneDist>
            <hypoDepthDist>
                <hypoDepth probability="0.50" depth="10.0"/>
                <hypoDepth probability="0.25" depth="5.0"/>
                <hypoDepth probability="0.25" depth="15.0"/>
            </hypoDepthDist>
        </areaSource>

        <areaSource id="ZN5" name="Zone 5" tectonicRegion="Extended">
            <areaGeometry>
                <gml:Polygon>
                    <gml:exterior>
                        <gml:LinearRing>
                            <gml:posList>
                                149.7237 -37.7234
                                149.6839 -39.0622
                                148.0962 -39.6860
                                147.5883 -40.8798
                                145.5896 -40.6656
                                144.0905 -39.0952
                                143.2339 -39.0952
                                144.1058 -41.1054
                                146.6603 -44.8059
                                145.3040 -45.0200
                                139.5219 -39.4521
                                139.2123 -37.5135
                                143.3393 -37.6277
                                146.2021 -37.5901
                            </gml:posList>
                        </gml:LinearRing>
                    </gml:exterior>
                </gml:Polygon>
                <upperSeismoDepth>0.0</upperSeismoDepth>
                <lowerSeismoDepth>20.0</lowerSeismoDepth>
            </areaGeometry>
            <magScaleRel>Leonard2014_SCR</magScaleRel>
            <ruptAspectRatio>1.5</ruptAspectRatio>
            <incrementalMFD minMag="4.55" binWidth="0.1">
                <occurRates>2.38789e-02 1.98535e-02 1.65113e-02 1.37355e-02 1.14295e-02 9.51319e-03 7.92029e-03 6.59586e-03 5.49435e-03 4.57798e-03 3.81543e-03 3.18071e-03 2.65225e-03 2.21214e-03 1.84552e-03 1.54004e-03 1.28544e-03 1.07318e-03 8.96188e-04 7.48560e-04 6.25394e-04 5.22614e-04 4.36823e-04 3.65197e-04 3.05383e-04 2.55421e-04 2.13679e-04 1.78796e-04 1.49639e-04 1.25263e-04 9.03004e-05 5.46297e-05 1.88328e-05 5.42350e-06</occurRates>
            </incrementalMFD>
            <nodalPlaneDist>
                <nodalPlane probability="0.3" strike="0.0" dip="30.0" rake="90.0" />
                <nodalPlane probability="0.2" strike="90.0" dip="30.0" rake="90.0" />
                <nodalPlane probability="0.3" strike="180.0" dip="30.0" rake="90.0" />
                <nodalPlane probability="0.2" strike="270.0" dip="30.0" rake="90.0" />
            </nodalPlaneDist>
            <hypoDepthDist>
                <hypoDepth probability="0.50" depth="10.0"/>
                <hypoDepth probability="0.25" depth="5.0"/>
                <hypoDepth probability="0.25" depth="15.0"/>
            </hypoDepthDist>
        </areaSource>

        <areaSource id="ZN6" name="Zone 6" tectonicRegion="Cratonic">
            <areaGeometry>
                <gml:Polygon>
                    <gml:exterior>
                        <gml:LinearRing>
                            <gml:posList>
                                131.4359 -10.0177
                                130.0933 -15.6021
                                127.5235 -19.0286
                                127.5235 -20.6466
                                120.6820 -19.7146
                                119.8730 -19.2863
                                117.9694 -19.4766
                                115.7640 -20.7959
                                114.7283 -22.3339
                                115.5658 -25.3605
                                115.4326 -26.6867
                                115.5658 -28.7616
                                115.9635 -29.7310
                                116.0101 -34.2481
                                113.4222 -34.5714
                                114.7969 -31.5481
                                112.5602 -27.5982
                                111.5608 -25.4091
                                111.5608 -23.7911
                                113.4168 -21.7447
                                115.7486 -19.0322
                                119.4606 -16.2720
                                121.5545 -14.5112
                                121.6497 -12.4648
                                124.2458 -13.6825
                            </gml:posList>
                        </gml:LinearRing>
                    </gml:exterior>
                </gml:Polygon>
                <upperSeismoDepth>0.0</upperSeismoDepth>
                <lowerSeismoDepth>20.0</lowerSeismoDepth>
            </areaGeometry>
            <magScaleRel>Leonard2014_SCR</magScaleRel>
            <ruptAspectRatio>1.5</ruptAspectRatio>
            <incrementalMFD minMag="4.55" binWidth="0.1">
                <occurRates>7.86947e-02 6.59642e-02 5.53001e-02 4.63658e-02 3.88799e-02 3.26066e-02 2.73490e-02 2.29419e-02 1.92474e-02 1.61499e-02 1.35525e-02 1.13742e-02 9.54726e-03 8.01470e-03 6.72897e-03 5.65018e-03 4.74491e-03 3.98516e-03 3.34745e-03 2.81213e-03 2.36269e-03 1.98531e-03 1.66841e-03 1.40225e-03 1.17869e-03 9.90880e-04 8.33093e-04 7.00511e-04 5.03087e-04 2.61105e-04 1.26274e-04 4.73283e-05</occurRates>
            </incrementalMFD>
            <nodalPlaneDist>
                <nodalPlane probability="0.3" strike="0.0" dip="30.0" rake="90.0" />
                <nodalPlane probability="0.2" strike="90.0" dip="30.0" rake="90.0" />
                <nodalPlane probability="0.3" strike="180.0" dip="30.0" rake="90.0" />
                <nodalPlane probability="0.2" strike="270.0" dip="30.0" rake="90.0" />
            </nodalPlaneDist>
            <hypoDepthDist>
                <hypoDepth probability="0.50" depth="5.0"/>
                <hypoDepth probability="0.25" depth="2.5"/>
                <hypoDepth probability="0.25" depth="10.0"/>
            </hypoDepthDist>
        </areaSource>

        <areaSource id="ZN7a" name="Zone 7a" tectonicRegion="Extended">
            <areaGeometry>
                <gml:Polygon>
                    <gml:exterior>
                        <gml:LinearRing>
                            <gml:posList>
                                132.6894 -34.2150
                                134.7116 -35.0174
                                136.2577 -35.5637
                                137.6838 -35.6075
                                138.2453 -35.8259
                                139.1175 -36.9422
                                139.5219 -39.4740
                                134.9154 -37.4930
                                127.8365 -37.0171
                                119.0325 -38.0284
                                116.6530 -37.7905
                                114.9874 -36.8982
                                111.3587 -37.4930
                                109.8121 -34.9946
                                113.4222 -34.5726
                                116.0101 -34.2494
                                118.4673 -34.6110
                                121.3226 -34.9172
                                130.7955 -33.2828
                            </gml:posList>
                        </gml:LinearRing>
                    </gml:exterior>
                </gml:Polygon>
                <upperSeismoDepth>0.0</upperSeismoDepth>
                <lowerSeismoDepth>20.0</lowerSeismoDepth>
            </areaGeometry>
            <magScaleRel>Leonard2014_SCR</magScaleRel>
            <ruptAspectRatio>1.5</ruptAspectRatio>
            <incrementalMFD minMag="4.55" binWidth="0.1">
                <occurRates>1.12830e-02 9.39075e-03 7.81795e-03 6.51029e-03 5.42278e-03 4.51812e-03 3.76535e-03 3.13880e-03 2.61717e-03 2.18278e-03 1.82094e-03 1.51946e-03 1.26819e-03 1.05874e-03 8.84082e-04 7.38413e-04 6.16889e-04 5.15483e-04 4.30844e-04 3.60183e-04 3.01177e-04 2.51892e-04 2.10717e-04 1.76311e-04 1.47553e-04 1.23511e-04 1.03408e-04 8.65942e-05 7.25285e-05 6.07594e-05 4.38334e-05 2.65376e-05 9.15509e-06 2.63837e-06</occurRates>
            </incrementalMFD>
            <nodalPlaneDist>
                <nodalPlane probability="0.3" strike="0.0" dip="30.0" rake="90.0" />
                <nodalPlane probability="0.2" strike="90.0" dip="30.0" rake="90.0" />
                <nodalPlane probability="0.3" strike="180.0" dip="30.0" rake="90.0" />
                <nodalPlane probability="0.2" strike="270.0" dip="30.0" rake="90.0" />
            </nodalPlaneDist>
            <hypoDepthDist>
                <hypoDepth probability="0.50" depth="10.0"/>
                <hypoDepth probability="0.25" depth="5.0"/>
                <hypoDepth probability="0.25" depth="15.0"/>
            </hypoDepthDist>
        </areaSource>

        <areaSource id="ZN7b" name="Zone 7b" tectonicRegion="Extended">
            <areaGeometry>
                <gml:Polygon>
                    <gml:exterior>
                        <gml:LinearRing>
                            <gml:posList>
                                151.4563 -39.1093
                                149.6238 -41.0879
                                149.7237 -37.7234
                                152.0175 -34.0716
                                154.2457 -25.2656
                                152.2316 -21.7936
                                146.9492 -17.5106
                                144.8315 -13.8938
                                154.8406 -16.0891
                                154.4305 -22.4147
                                156.0929 -22.4782
                                156.5212 -30.1876
                            </gml:posList>
                        </gml:LinearRing>
                    </gml:exterior>
                </gml:Polygon>
                <upperSeismoDepth>0.0</upperSeismoDepth>
                <lowerSeismoDepth>20.0</lowerSeismoDepth>
            </areaGeometry>
            <magScaleRel>Leonard2014_SCR</magScaleRel>
            <ruptAspectRatio>1.5</ruptAspectRatio>
            <incrementalMFD minMag="4.55" binWidth="0.1">
                <occurRates>1.43591e-02 1.19380e-02 9.92781e-03 8.25836e-03 6.87149e-03 5.71905e-03 4.76114e-03 3.96472e-03 3.30237e-03 2.75139e-03 2.29292e-03 1.91132e-03 1.59364e-03 1.32908e-03 1.10872e-03 9.25114e-04 7.72101e-04 6.44549e-04 5.38195e-04 4.49495e-04 3.75499e-04 3.13756e-04 2.62224e-04 2.19205e-04 1.83283e-04 1.53281e-04 1.28217e-04 1.07274e-04 8.97708e-05 7.51388e-05 5.41606e-05 3.27623e-05 1.12931e-05 3.25183e-06</occurRates>
            </incrementalMFD>
            <nodalPlaneDist>
                <nodalPlane probability="0.3" strike="0.0" dip="30.0" rake="90.0" />
                <nodalPlane probability="0.2" strike="90.0" dip="30.0" rake="90.0" />
                <nodalPlane probability="0.3" strike="180.0" dip="30.0" rake="90.0" />
                <nodalPlane probability="0.2" strike="270.0" dip="30.0" rake="90.0" />
            </nodalPlaneDist>
            <hypoDepthDist>
                <hypoDepth probability="0.50" depth="10.0"/>
                <hypoDepth probability="0.25" depth="5.0"/>
                <hypoDepth probability="0.25" depth="15.0"/>
            </hypoDepthDist>
        </areaSource>

        <areaSource id="ZN7c" name="Zone 7c" tectonicRegion="Extended">
            <areaGeometry>
                <gml:Polygon>
                    <gml:exterior>
                        <gml:LinearRing>
                            <gml:posList>
                                113.4222 -34.5714
                                109.8121 -34.9934
                                112.3709 -32.8588
                                112.5613 -31.0504
                                110.5625 -27.7192
                                110.1818 -24.2927
                                110.4673 -20.6760
                                110.6577 -19.6290
                                116.2732 -16.4881
                                119.4141 -14.5845
                                121.6497 -12.4648
                                121.5545 -14.5112
                                119.4606 -16.2720
                                115.7486 -19.0322
                                113.4168 -21.7447
                                111.5608 -23.7911
                                111.5608 -25.4091
                                112.5602 -27.5982
                                114.7969 -31.5481
                            </gml:posList>
                        </gml:LinearRing>
                    </gml:exterior>
                </gml:Polygon>
                <upperSeismoDepth>0.0</upperSeismoDepth>
                <lowerSeismoDepth>20.0</lowerSeismoDepth>
            </areaGeometry>
            <magScaleRel>Leonard2014_SCR</magScaleRel>
            <ruptAspectRatio>1.5</ruptAspectRatio>
            <incrementalMFD minMag="4.55" binWidth="0.1">
                <occurRates>2.82949e-02 2.35122e-02 1.95433e-02 1.62490e-02 1.35137e-02 1.12419e-02 9.35457e-03 7.78620e-03 6.48252e-03 5.39855e-03 4.49702e-03 3.74702e-03 3.12291e-03 2.60342e-03 2.17089e-03 1.81067e-03 1.51061e-03 1.26057e-03 1.05218e-03 8.78449e-04 7.33578e-04 6.12742e-04 5.11928e-04 4.27799e-04 3.57577e-04 2.98948e-04 2.49987e-04 2.09090e-04 1.74921e-04 1.46367e-04 1.05472e-04 6.37831e-05 2.19798e-05 6.32736e-06</occurRates>
            </incrementalMFD>
            <nodalPlaneDist>
                <nodalPlane probability="0.3" strike="0.0" dip="30.0" rake="90.0" />
                <nodalPlane probability="0.2" strike="90.0" dip="30.0" rake="90.0" />
                <nodalPlane probability="0.3" strike="180.0" dip="30.0" rake="90.0" />
                <nodalPlane probability="0.2" strike="270.0" dip="30.0" rake="90.0" />
            </nodalPlaneDist>
            <hypoDepthDist>
                <hypoDepth probability="0.50" depth="10.0"/>
                <hypoDepth probability="0.25" depth="5.0"/>
                <hypoDepth probability="0.25" depth="15.0"/>
            </hypoDepthDist>
        </areaSource>

        <areaSource id="ZN8" name="Zone 8" tectonicRegion="Cratonic">
            <areaGeometry>
                <gml:Polygon>
                    <gml:exterior>
                        <gml:LinearRing>
                            <gml:posList>
                                125.6378 -27.7630
                                121.3226 -34.9160
                                118.4673 -34.6097
                                116.0101 -34.2481
                                115.9635 -29.7310
                                115.5658 -28.7616
                                115.4326 -26.6867
                                115.5658 -25.3605
                                114.7283 -22.3339
                                114.9567 -21.9151
                                115.7640 -20.7959
                                117.9694 -19.4766
                                119.8730 -19.2863
                                120.6820 -19.7146
                                121.7766 -23.0458
                                123.7277 -25.3301
                            </gml:posList>
                        </gml:LinearRing>
                    </gml:exterior>
                </gml:Polygon>
                <upperSeismoDepth>0.0</upperSeismoDepth>
                <lowerSeismoDepth>20.0</lowerSeismoDepth>
            </areaGeometry>
            <magScaleRel>Leonard2014_SCR</magScaleRel>
            <ruptAspectRatio>1.5</ruptAspectRatio>
            <incrementalMFD minMag="4.55" binWidth="0.1">
                <occurRates>6.59884e-02 5.53162e-02 4.63759e-02 3.88854e-02 3.26088e-02 2.73488e-02 2.29401e-02 1.92444e-02 1.61462e-02 1.35484e-02 1.13700e-02 9.54296e-03 8.01051e-03 6.72497e-03 5.64641e-03 4.74140e-03 3.98192e-03 3.34450e-03 2.80944e-03 2.36027e-03 1.98314e-03 1.66646e-03 1.40052e-03 1.17715e-03 9.89518e-04 8.31890e-04 6.99452e-04 5.88164e-04 4.22422e-04 2.19249e-04 1.06036e-04 3.97448e-05</occurRates>
            </incrementalMFD>
            <nodalPlaneDist>
                <nodalPlane probability="0.3" strike="0.0" dip="30.0" rake="90.0" />
                <nodalPlane probability="0.2" strike="90.0" dip="30.0" rake="90.0" />
                <nodalPlane probability="0.3" strike="180.0" dip="30.0" rake="90.0" />
                <nodalPlane probability="0.2" strike="270.0" dip="30.0" rake="90.0" />
            </nodalPlaneDist>
            <hypoDepthDist>
                <hypoDepth probability="0.50" depth="5.0"/>
                <hypoDepth probability="0.25" depth="2.5"/>
                <hypoDepth probability="0.25" depth="10.0"/>
            </hypoDepthDist>
        </areaSource>

    </sourceModel>
</nrml>