<?xml version="1.0" encoding="utf-8"?>
<nrml xmlns:gml="http://www.opengis.net/gml"
      xmlns="http://openquake.org/xmlns/nrml/0.4">

    <sourceModel name="collapsed_collapsed">

        <areaSource id="ZN5" name="South Victoria" tectonicRegion="Extended">
            <areaGeometry>
                <gml:Polygon>
                    <gml:exterior>
                        <gml:LinearRing>
                            <gml:posList>
                                149.7237 -37.7234
                                149.6839 -39.0622
                                148.0962 -39.6860
                                147.5883 -40.8798
                                145.5896 -40.6656
                                144.0905 -39.0952
                                143.2339 -39.0952
                                144.1058 -41.1054
                                146.6603 -44.8059
                                145.3040 -45.0200
                                139.5219 -39.4740
                                139.2123 -37.5135
                                143.3393 -37.6277
                                146.2021 -37.5901
                            </gml:posList>
                        </gml:LinearRing>
                    </gml:exterior>
                </gml:Polygon>
                <upperSeismoDepth>0.0</upperSeismoDepth>
                <lowerSeismoDepth>20.0</lowerSeismoDepth>
            </areaGeometry>
            <magScaleRel>Leonard2014_SCR</magScaleRel>
            <ruptAspectRatio>1.5</ruptAspectRatio>
            <incrementalMFD minMag="4.55" binWidth="0.1">
                <occurRates>2.38789e-02 1.98535e-02 1.65113e-02 1.37355e-02 1.14295e-02 9.51319e-03 7.92029e-03 6.59586e-03 5.49435e-03 4.57798e-03 3.81543e-03 3.18071e-03 2.65225e-03 2.21214e-03 1.84552e-03 1.54004e-03 1.28544e-03 1.07318e-03 8.96188e-04 7.48560e-04 6.25394e-04 5.22614e-04 4.36823e-04 3.65197e-04 3.05383e-04 2.55421e-04 2.13679e-04 1.78796e-04 1.49639e-04 1.25263e-04 9.03004e-05 5.46297e-05 1.88328e-05 5.42350e-06</occurRates>
            </incrementalMFD>
            <nodalPlaneDist>
                <nodalPlane probability="0.3" strike="0.0" dip="30.0" rake="90.0" />
                <nodalPlane probability="0.2" strike="90.0" dip="30.0" rake="90.0" />
                <nodalPlane probability="0.3" strike="180.0" dip="30.0" rake="90.0" />
                <nodalPlane probability="0.2" strike="270.0" dip="30.0" rake="90.0" />
            </nodalPlaneDist>
            <hypoDepthDist>
                <hypoDepth probability="0.50" depth="10.0"/>
                <hypoDepth probability="0.25" depth="5.0"/>
                <hypoDepth probability="0.25" depth="15.0"/>
            </hypoDepthDist>
        </areaSource>

        <areaSource id="ZN6a" name="Northwest Australia" tectonicRegion="Cratonic">
            <areaGeometry>
                <gml:Polygon>
                    <gml:exterior>
                        <gml:LinearRing>
                            <gml:posList>
                                127.5235 -20.6466
                                120.6820 -19.7146
                                119.8730 -19.2863
                                120.7455 -16.9382
                                123.2387 -14.9119
                                124.2458 -13.6825
                                131.4359 -10.0177
                                130.0933 -15.6021
                                127.5235 -19.0286
                            </gml:posList>
                        </gml:LinearRing>
                    </gml:exterior>
                </gml:Polygon>
                <upperSeismoDepth>0.0</upperSeismoDepth>
                <lowerSeismoDepth>20.0</lowerSeismoDepth>
            </areaGeometry>
            <magScaleRel>Leonard2014_SCR</magScaleRel>
            <ruptAspectRatio>1.5</ruptAspectRatio>
            <incrementalMFD minMag="4.55" binWidth="0.1">
                <occurRates>4.88520e-02 4.09627e-02 3.43518e-02 2.88114e-02 2.41676e-02 2.02747e-02 1.70110e-02 1.42745e-02 1.19796e-02 1.00549e-02 8.44042e-03 7.08605e-03 5.94972e-03 4.99621e-03 4.19601e-03 3.52439e-03 2.96062e-03 2.48732e-03 2.08994e-03 1.75624e-03 1.47600e-03 1.24061e-03 1.04289e-03 8.76774e-04 7.37203e-04 6.19920e-04 5.21354e-04 4.38508e-04 3.15013e-04 1.63540e-04 7.91121e-05 2.96599e-05</occurRates>
            </incrementalMFD>
            <nodalPlaneDist>
                <nodalPlane probability="0.3" strike="0.0" dip="30.0" rake="90.0" />
                <nodalPlane probability="0.2" strike="90.0" dip="30.0" rake="90.0" />
                <nodalPlane probability="0.3" strike="180.0" dip="30.0" rake="90.0" />
                <nodalPlane probability="0.2" strike="270.0" dip="30.0" rake="90.0" />
            </nodalPlaneDist>
            <hypoDepthDist>
                <hypoDepth probability="0.50" depth="5.0"/>
                <hypoDepth probability="0.25" depth="2.5"/>
                <hypoDepth probability="0.25" depth="10.0"/>
            </hypoDepthDist>
        </areaSource>

        <areaSource id="ZN1a" name="Northern Territory" tectonicRegion="Cratonic">
            <areaGeometry>
                <gml:Polygon>
                    <gml:exterior>
                        <gml:LinearRing>
                            <gml:posList>
                                145.2499 -18.7170
                                139.8015 -24.6441
                                138.1835 -23.9778
                                136.3433 -22.7029
                                132.7583 -21.6936
                                129.5222 -21.5032
                                127.5235 -20.6466
                                127.5235 -19.0286
                                130.0933 -15.6021
                                131.4359 -10.0177
                                134.5667 -8.1782
                                139.3057 -8.3190
                                144.0845 -9.3204
                                144.2312 -11.4242
                                144.8315 -13.8938
                                146.9492 -17.5106
                                146.0688 -17.9865
                            </gml:posList>
                        </gml:LinearRing>
                    </gml:exterior>
                </gml:Polygon>
                <upperSeismoDepth>0.0</upperSeismoDepth>
                <lowerSeismoDepth>20.0</lowerSeismoDepth>
            </areaGeometry>
            <magScaleRel>Leonard2014_SCR</magScaleRel>
            <ruptAspectRatio>1.5</ruptAspectRatio>
            <incrementalMFD minMag="4.55" binWidth="0.1">
                <occurRates>1.82470e-02 1.53206e-02 1.28651e-02 1.08044e-02 9.07492e-03 7.62317e-03 6.40441e-03 5.38113e-03 4.52188e-03 3.80028e-03 3.19420e-03 2.68508e-03 2.25738e-03 1.89801e-03 1.59604e-03 1.34226e-03 1.12896e-03 9.49663e-04 7.98928e-04 6.72192e-04 5.65622e-04 4.76000e-04 4.00621e-04 3.37215e-04 2.83874e-04 2.38996e-04 2.01234e-04 1.69456e-04 1.21875e-04 6.33452e-05 3.06785e-05 1.15149e-05</occurRates>
            </incrementalMFD>
            <nodalPlaneDist>
                <nodalPlane probability="0.3" strike="0.0" dip="30.0" rake="90.0" />
                <nodalPlane probability="0.2" strike="90.0" dip="30.0" rake="90.0" />
                <nodalPlane probability="0.3" strike="180.0" dip="30.0" rake="90.0" />
                <nodalPlane probability="0.2" strike="270.0" dip="30.0" rake="90.0" />
            </nodalPlaneDist>
            <hypoDepthDist>
                <hypoDepth probability="0.50" depth="5.0"/>
                <hypoDepth probability="0.25" depth="2.5"/>
                <hypoDepth probability="0.25" depth="10.0"/>
            </hypoDepthDist>
        </areaSource>

        <areaSource id="ZN2a" name="Flinders Ranges" tectonicRegion="Non_cratonic">
            <areaGeometry>
                <gml:Polygon>
                    <gml:exterior>
                        <gml:LinearRing>
                            <gml:posList>
                                138.2453 -35.8259
                                137.6891 -35.6081
                                137.5107 -34.7515
                                137.9747 -33.4665
                                137.5077 -31.4104
                                136.7255 -29.1550
                                139.0573 -29.1157
                                139.5700 -28.6613
                                140.0397 -32.8314
                                139.5971 -34.2163
                            </gml:posList>
                        </gml:LinearRing>
                    </gml:exterior>
                </gml:Polygon>
                <upperSeismoDepth>0.0</upperSeismoDepth>
                <lowerSeismoDepth>20.0</lowerSeismoDepth>
            </areaGeometry>
            <magScaleRel>Leonard2014_SCR</magScaleRel>
            <ruptAspectRatio>1.5</ruptAspectRatio>
            <incrementalMFD minMag="4.55" binWidth="0.1">
                <occurRates>1.45413e-02 1.11478e-02 8.55099e-03 6.56272e-03 5.03952e-03 3.87194e-03 2.97647e-03 2.28930e-03 1.76170e-03 1.35639e-03 1.04486e-03 8.05288e-04 6.20951e-04 4.79044e-04 3.69745e-04 2.85518e-04 2.20580e-04 1.70490e-04 1.31833e-04 1.01987e-04 7.89315e-05 6.11142e-05 4.73385e-05 3.66830e-05 2.84374e-05 2.20539e-05 1.71099e-05 1.32793e-05 1.03101e-05 6.75849e-06 3.29125e-06 1.33464e-06 3.30850e-07</occurRates>
            </incrementalMFD>
            <nodalPlaneDist>
                <nodalPlane probability="0.3" strike="0.0" dip="30.0" rake="90.0" />
                <nodalPlane probability="0.2" strike="90.0" dip="30.0" rake="90.0" />
                <nodalPlane probability="0.3" strike="180.0" dip="30.0" rake="90.0" />
                <nodalPlane probability="0.2" strike="270.0" dip="30.0" rake="90.0" />
            </nodalPlaneDist>
            <hypoDepthDist>
                <hypoDepth probability="0.50" depth="10.0"/>
                <hypoDepth probability="0.25" depth="5.0"/>
                <hypoDepth probability="0.25" depth="15.0"/>
            </hypoDepthDist>
        </areaSource>

        <areaSource id="ZN1b" name="Southern South Australia" tectonicRegion="Non_cratonic">
            <areaGeometry>
                <gml:Polygon>
                    <gml:exterior>
                        <gml:LinearRing>
                            <gml:posList>
                                136.7255 -29.1550
                                137.5077 -31.4104
                                137.9747 -33.4665
                                137.5107 -34.7515
                                137.6891 -35.6081
                                136.2577 -35.5637
                                134.7170 -35.0180
                                132.6894 -34.2150
                                130.7955 -33.2828
                                131.1860 -31.0698
                                132.0527 -30.2031
                                133.8182 -29.0796
                                135.8083 -28.9191
                            </gml:posList>
                        </gml:LinearRing>
                    </gml:exterior>
                </gml:Polygon>
                <upperSeismoDepth>0.0</upperSeismoDepth>
                <lowerSeismoDepth>20.0</lowerSeismoDepth>
            </areaGeometry>
            <magScaleRel>Leonard2014_SCR</magScaleRel>
            <ruptAspectRatio>1.5</ruptAspectRatio>
            <incrementalMFD minMag="4.55" binWidth="0.1">
                <occurRates>4.43551e-03 3.41616e-03 2.63241e-03 2.02949e-03 1.56544e-03 1.20808e-03 9.32749e-04 7.20506e-04 5.56816e-04 4.30510e-04 3.33004e-04 2.57695e-04 1.99504e-04 1.54518e-04 1.19726e-04 9.28050e-05 7.19663e-05 5.58285e-05 4.33260e-05 3.36360e-05 2.61227e-05 2.02949e-05 1.57728e-05 1.22625e-05 9.53657e-06 7.41904e-06 5.77354e-06 4.49439e-06 3.49970e-06 2.30071e-06 1.12354e-06 4.56855e-07 1.13555e-07</occurRates>
            </incrementalMFD>
            <nodalPlaneDist>
                <nodalPlane probability="0.3" strike="0.0" dip="30.0" rake="90.0" />
                <nodalPlane probability="0.2" strike="90.0" dip="30.0" rake="90.0" />
                <nodalPlane probability="0.3" strike="180.0" dip="30.0" rake="90.0" />
                <nodalPlane probability="0.2" strike="270.0" dip="30.0" rake="90.0" />
            </nodalPlaneDist>
            <hypoDepthDist>
                <hypoDepth probability="0.50" depth="10.0"/>
                <hypoDepth probability="0.25" depth="5.0"/>
                <hypoDepth probability="0.25" depth="15.0"/>
            </hypoDepthDist>
        </areaSource>

        <areaSource id="ZN3a" name="South-Central Australia" tectonicRegion="Cratonic">
            <areaGeometry>
                <gml:Polygon>
                    <gml:exterior>
                        <gml:LinearRing>
                            <gml:posList>
                                130.7955 -33.2828
                                121.3226 -34.9160
                                125.6378 -27.7630
                                129.3041 -28.0102
                                133.8128 -29.0778
                                132.0474 -30.2013
                                131.1807 -31.0680
                            </gml:posList>
                        </gml:LinearRing>
                    </gml:exterior>
                </gml:Polygon>
                <upperSeismoDepth>0.0</upperSeismoDepth>
                <lowerSeismoDepth>20.0</lowerSeismoDepth>
            </areaGeometry>
            <magScaleRel>Leonard2014_SCR</magScaleRel>
            <ruptAspectRatio>1.5</ruptAspectRatio>
            <incrementalMFD minMag="4.55" binWidth="0.1">
                <occurRates>1.61032e-02 1.35255e-02 1.13618e-02 9.54538e-03 8.02028e-03 6.73964e-03 5.66414e-03 4.76082e-03 4.00202e-03 3.36455e-03 2.82893e-03 2.37886e-03 2.00061e-03 1.68270e-03 1.41546e-03 1.19079e-03 1.00190e-03 8.43056e-04 7.09475e-04 5.97124e-04 5.02619e-04 4.23115e-04 3.56225e-04 2.99941e-04 2.52576e-04 2.12712e-04 1.79159e-04 1.50913e-04 1.08572e-04 5.64479e-05 2.73463e-05 1.02672e-05</occurRates>
            </incrementalMFD>
            <nodalPlaneDist>
                <nodalPlane probability="0.3" strike="0.0" dip="30.0" rake="90.0" />
                <nodalPlane probability="0.2" strike="90.0" dip="30.0" rake="90.0" />
                <nodalPlane probability="0.3" strike="180.0" dip="30.0" rake="90.0" />
                <nodalPlane probability="0.2" strike="270.0" dip="30.0" rake="90.0" />
            </nodalPlaneDist>
            <hypoDepthDist>
                <hypoDepth probability="0.50" depth="5.0"/>
                <hypoDepth probability="0.25" depth="2.5"/>
                <hypoDepth probability="0.25" depth="10.0"/>
            </hypoDepthDist>
        </areaSource>

        <areaSource id="ZN8b" name="Western Australia" tectonicRegion="Cratonic">
            <areaGeometry>
                <gml:Polygon>
                    <gml:exterior>
                        <gml:LinearRing>
                            <gml:posList>
                                116.0101 -34.2481
                                115.9635 -29.7310
                                116.2709 -29.9815
                                116.1606 -30.7702
                                116.1790 -31.3297
                                116.6193 -33.1552
                                117.3348 -32.9625
                                118.0411 -32.2012
                                118.2704 -31.2747
                                118.5823 -30.8160
                                118.4743 -30.2173
                                117.0432 -29.6969
                                116.2716 -29.9812
                                115.9634 -29.7308
                                115.5658 -28.7616
                                115.4326 -26.6867
                                115.5658 -25.3605
                                114.7283 -22.3339
                                115.7640 -20.7959
                                117.9694 -19.4766
                                119.8730 -19.2863
                                120.6820 -19.7146
                                121.7766 -23.0458
                                123.3654 -24.9060
                                125.6378 -27.7630
                                121.3226 -34.9160
                                118.4673 -34.6097
                            </gml:posList>
                        </gml:LinearRing>
                    </gml:exterior>
                </gml:Polygon>
                <upperSeismoDepth>0.0</upperSeismoDepth>
                <lowerSeismoDepth>20.0</lowerSeismoDepth>
            </areaGeometry>
            <magScaleRel>Leonard2014_SCR</magScaleRel>
            <ruptAspectRatio>1.5</ruptAspectRatio>
            <incrementalMFD minMag="4.55" binWidth="0.1">
                <occurRates>4.30514e-02 3.60989e-02 3.02730e-02 2.53904e-02 2.12980e-02 1.78674e-02 1.49912e-02 1.25795e-02 1.05572e-02 8.86099e-03 7.43823e-03 6.24467e-03 5.24327e-03 4.40297e-03 3.69779e-03 3.10591e-03 2.60908e-03 2.19199e-03 1.84178e-03 1.54771e-03 1.30074e-03 1.09331e-03 9.19057e-04 7.72668e-04 6.49670e-04 5.46312e-04 4.59450e-04 3.86441e-04 2.77610e-04 1.44121e-04 6.97186e-05 2.61382e-05</occurRates>
            </incrementalMFD>
            <nodalPlaneDist>
                <nodalPlane probability="0.3" strike="0.0" dip="30.0" rake="90.0" />
                <nodalPlane probability="0.2" strike="90.0" dip="30.0" rake="90.0" />
                <nodalPlane probability="0.3" strike="180.0" dip="30.0" rake="90.0" />
                <nodalPlane probability="0.2" strike="270.0" dip="30.0" rake="90.0" />
            </nodalPlaneDist>
            <hypoDepthDist>
                <hypoDepth probability="0.50" depth="5.0"/>
                <hypoDepth probability="0.25" depth="2.5"/>
                <hypoDepth probability="0.25" depth="10.0"/>
            </hypoDepthDist>
        </areaSource>

        <areaSource id="ZN4a" name="Eastern Australia Inner Zone" tectonicRegion="Non_cratonic">
            <areaGeometry>
                <gml:Polygon>
                    <gml:exterior>
                        <gml:LinearRing>
                            <gml:posList>
                                145.2499 -18.7170
                                146.9053 -22.9737
                                150.3888 -25.9005
                                148.6277 -30.7049
                                146.7836 -33.6792
                                144.8205 -34.7202
                                139.8704 -35.4925
                                140.7765 -33.6357
                                142.8117 -31.7639
                                142.6334 -30.9172
                                140.9994 -28.7632
                                139.5700 -28.6613
                                137.8573 -26.5408
                                139.8015 -24.6441
                            </gml:posList>
                        </gml:LinearRing>
                    </gml:exterior>
                </gml:Polygon>
                <upperSeismoDepth>0.0</upperSeismoDepth>
                <lowerSeismoDepth>20.0</lowerSeismoDepth>
            </areaGeometry>
            <magScaleRel>Leonard2014_SCR</magScaleRel>
            <ruptAspectRatio>1.5</ruptAspectRatio>
            <incrementalMFD minMag="4.55" binWidth="0.1">
                <occurRates>7.81811e-03 6.00948e-03 4.62175e-03 3.55636e-03 2.73799e-03 2.10904e-03 1.62539e-03 1.25328e-03 9.66835e-04 7.46223e-04 5.76226e-04 4.45166e-04 3.44074e-04 2.66059e-04 2.05826e-04 1.59298e-04 1.23341e-04 9.55412e-05 7.40374e-05 5.73969e-05 4.45141e-05 3.45363e-05 2.68052e-05 2.08125e-05 1.61654e-05 1.25604e-05 9.76276e-06 7.59082e-06 5.90403e-06 3.87697e-06 1.89123e-06 7.68192e-07 1.90742e-07</occurRates>
            </incrementalMFD>
            <nodalPlaneDist>
                <nodalPlane probability="0.3" strike="0.0" dip="30.0" rake="90.0" />
                <nodalPlane probability="0.2" strike="90.0" dip="30.0" rake="90.0" />
                <nodalPlane probability="0.3" strike="180.0" dip="30.0" rake="90.0" />
                <nodalPlane probability="0.2" strike="270.0" dip="30.0" rake="90.0" />
            </nodalPlaneDist>
            <hypoDepthDist>
                <hypoDepth probability="0.50" depth="10.0"/>
                <hypoDepth probability="0.25" depth="5.0"/>
                <hypoDepth probability="0.25" depth="15.0"/>
            </hypoDepthDist>
        </areaSource>

        <areaSource id="ZN4b" name="Eastern Australia" tectonicRegion="Non_cratonic">
            <areaGeometry>
                <gml:Polygon>
                    <gml:exterior>
                        <gml:LinearRing>
                            <gml:posList>
                                145.2499 -18.7170
                                146.0688 -17.9865
                                146.9492 -17.5106
                                152.2316 -21.7936
                                154.2457 -25.2656
                                152.0175 -34.0716
                                149.7237 -37.7234
                                146.2021 -37.5901
                                143.3393 -37.6277
                                139.2123 -37.5135
                                139.1175 -36.9410
                                138.2453 -35.8259
                                139.8704 -35.4925
                                144.8205 -34.7202
                                146.7836 -33.6792
                                148.6277 -30.7049
                                150.3888 -25.9005
                                146.9053 -22.9737
                            </gml:posList>
                        </gml:LinearRing>
                    </gml:exterior>
                </gml:Polygon>
                <upperSeismoDepth>0.0</upperSeismoDepth>
                <lowerSeismoDepth>20.0</lowerSeismoDepth>
            </areaGeometry>
            <magScaleRel>Leonard2014_SCR</magScaleRel>
            <ruptAspectRatio>1.5</ruptAspectRatio>
            <incrementalMFD minMag="4.55" binWidth="0.1">
                <occurRates>4.17305e-02 3.19305e-02 2.44462e-02 1.87270e-02 1.43541e-02 1.10085e-02 8.44741e-03 6.48577e-03 4.98240e-03 3.82958e-03 2.94509e-03 2.26608e-03 1.74453e-03 1.34372e-03 1.03552e-03 7.98407e-04 6.15895e-04 4.75335e-04 3.67030e-04 2.83535e-04 2.19136e-04 1.69441e-04 1.31074e-04 1.01439e-04 7.85382e-05 6.08331e-05 4.71388e-05 3.65421e-05 2.83388e-05 1.85558e-05 9.02642e-06 3.65639e-06 9.05459e-07</occurRates>
            </incrementalMFD>
            <nodalPlaneDist>
                <nodalPlane probability="0.3" strike="0.0" dip="30.0" rake="90.0" />
                <nodalPlane probability="0.2" strike="90.0" dip="30.0" rake="90.0" />
                <nodalPlane probability="0.3" strike="180.0" dip="30.0" rake="90.0" />
                <nodalPlane probability="0.2" strike="270.0" dip="30.0" rake="90.0" />
            </nodalPlaneDist>
            <hypoDepthDist>
                <hypoDepth probability="0.50" depth="10.0"/>
                <hypoDepth probability="0.25" depth="5.0"/>
                <hypoDepth probability="0.25" depth="15.0"/>
            </hypoDepthDist>
        </areaSource>

        <areaSource id="ZN3b" name="Central Australia" tectonicRegion="Cratonic">
            <areaGeometry>
                <gml:Polygon>
                    <gml:exterior>
                        <gml:LinearRing>
                            <gml:posList>
                                120.6820 -19.7146
                                127.5235 -20.6466
                                129.5222 -21.5032
                                132.7583 -21.6936
                                136.3433 -22.7029
                                138.1835 -23.9778
                                139.8015 -24.6441
                                137.8573 -26.5408
                                139.5700 -28.6613
                                139.0573 -29.1157
                                136.7255 -29.1550
                                135.8030 -28.9173
                                133.8128 -29.0778
                                129.3041 -28.0102
                                125.6378 -27.7630
                                123.3654 -24.9060
                                121.7766 -23.0458
                            </gml:posList>
                        </gml:LinearRing>
                    </gml:exterior>
                </gml:Polygon>
                <upperSeismoDepth>0.0</upperSeismoDepth>
                <lowerSeismoDepth>20.0</lowerSeismoDepth>
            </areaGeometry>
            <magScaleRel>Leonard2014_SCR</magScaleRel>
            <ruptAspectRatio>1.5</ruptAspectRatio>
            <incrementalMFD minMag="4.55" binWidth="0.1">
                <occurRates>4.00648e-02 3.35975e-02 2.81776e-02 2.36349e-02 1.98271e-02 1.66348e-02 1.39582e-02 1.17137e-02 9.83129e-03 8.25240e-03 6.92792e-03 5.81671e-03 4.88432e-03 4.10188e-03 3.44518e-03 2.89397e-03 2.43123e-03 2.04272e-03 1.71650e-03 1.44254e-03 1.21244e-03 1.01916e-03 8.56796e-04 7.20377e-04 6.05747e-04 5.09414e-04 4.28449e-04 3.60393e-04 2.58915e-04 1.34426e-04 6.50329e-05 2.43832e-05</occurRates>
            </incrementalMFD>
            <nodalPlaneDist>
                <nodalPlane probability="0.3" strike="0.0" dip="30.0" rake="90.0" />
                <nodalPlane probability="0.2" strike="90.0" dip="30.0" rake="90.0" />
                <nodalPlane probability="0.3" strike="180.0" dip="30.0" rake="90.0" />
                <nodalPlane probability="0.2" strike="270.0" dip="30.0" rake="90.0" />
            </nodalPlaneDist>
            <hypoDepthDist>
                <hypoDepth probability="0.50" depth="5.0"/>
                <hypoDepth probability="0.25" depth="2.5"/>
                <hypoDepth probability="0.25" depth="10.0"/>
            </hypoDepthDist>
        </areaSource>

        <areaSource id="ZN7a" name="Offshore Northeast" tectonicRegion="Extended">
            <areaGeometry>
                <gml:Polygon>
                    <gml:exterior>
                        <gml:LinearRing>
                            <gml:posList>
                                144.8315 -13.8938
                                154.8406 -16.0891
                                154.2457 -25.2656
                                152.2316 -21.7936
                                146.9492 -17.5106
                            </gml:posList>
                        </gml:LinearRing>
                    </gml:exterior>
                </gml:Polygon>
                <upperSeismoDepth>0.0</upperSeismoDepth>
                <lowerSeismoDepth>20.0</lowerSeismoDepth>
            </areaGeometry>
            <magScaleRel>Leonard2014_SCR</magScaleRel>
            <ruptAspectRatio>1.5</ruptAspectRatio>
            <incrementalMFD minMag="4.55" binWidth="0.1">
                <occurRates>8.95492e-03 7.45789e-03 6.21275e-03 5.17683e-03 4.31476e-03 3.59716e-03 2.99966e-03 2.50203e-03 2.08747e-03 1.74202e-03 1.45410e-03 1.21405e-03 1.01387e-03 8.46891e-04 7.07578e-04 5.91316e-04 4.94269e-04 4.13240e-04 3.45571e-04 2.89046e-04 2.41818e-04 2.02349e-04 1.69358e-04 1.41775e-04 1.18708e-04 9.94136e-05 8.32718e-05 6.97644e-05 5.84592e-05 4.89952e-05 3.53621e-05 2.14183e-05 7.39217e-06 2.13123e-06</occurRates>
            </incrementalMFD>
            <nodalPlaneDist>
                <nodalPlane probability="0.3" strike="0.0" dip="30.0" rake="90.0" />
                <nodalPlane probability="0.2" strike="90.0" dip="30.0" rake="90.0" />
                <nodalPlane probability="0.3" strike="180.0" dip="30.0" rake="90.0" />
                <nodalPlane probability="0.2" strike="270.0" dip="30.0" rake="90.0" />
            </nodalPlaneDist>
            <hypoDepthDist>
                <hypoDepth probability="0.50" depth="10.0"/>
                <hypoDepth probability="0.25" depth="5.0"/>
                <hypoDepth probability="0.25" depth="15.0"/>
            </hypoDepthDist>
        </areaSource>

        <areaSource id="ZN3c" name="Tasmania" tectonicRegion="Non_cratonic">
            <areaGeometry>
                <gml:Polygon>
                    <gml:exterior>
                        <gml:LinearRing>
                            <gml:posList>
                                143.2339 -39.0952
                                144.0905 -39.0952
                                145.5896 -40.6656
                                147.5883 -40.8798
                                148.0962 -39.6860
                                149.6839 -39.0622
                                149.6238 -41.0879
                                148.0295 -44.1812
                                146.6603 -44.8059
                                144.1058 -41.1054
                            </gml:posList>
                        </gml:LinearRing>
                    </gml:exterior>
                </gml:Polygon>
                <upperSeismoDepth>0.0</upperSeismoDepth>
                <lowerSeismoDepth>20.0</lowerSeismoDepth>
            </areaGeometry>
            <magScaleRel>Leonard2014_SCR</magScaleRel>
            <ruptAspectRatio>1.5</ruptAspectRatio>
            <incrementalMFD minMag="4.55" binWidth="0.1">
                <occurRates>4.72605e-03 3.63993e-03 2.80484e-03 2.16243e-03 1.66798e-03 1.28721e-03 9.93846e-04 7.67701e-04 5.93289e-04 4.58710e-04 3.54817e-04 2.74575e-04 2.12572e-04 1.64639e-04 1.27568e-04 9.88839e-05 7.66802e-05 5.94854e-05 4.61640e-05 3.58392e-05 2.78338e-05 2.16243e-05 1.68059e-05 1.30657e-05 1.01612e-05 7.90501e-06 6.15172e-06 4.78878e-06 3.72894e-06 2.45141e-06 1.19714e-06 4.86780e-07 1.20993e-07</occurRates>
            </incrementalMFD>
            <nodalPlaneDist>
                <nodalPlane probability="0.3" strike="0.0" dip="30.0" rake="90.0" />
                <nodalPlane probability="0.2" strike="90.0" dip="30.0" rake="90.0" />
                <nodalPlane probability="0.3" strike="180.0" dip="30.0" rake="90.0" />
                <nodalPlane probability="0.2" strike="270.0" dip="30.0" rake="90.0" />
            </nodalPlaneDist>
            <hypoDepthDist>
                <hypoDepth probability="0.50" depth="10.0"/>
                <hypoDepth probability="0.25" depth="5.0"/>
                <hypoDepth probability="0.25" depth="15.0"/>
            </hypoDepthDist>
        </areaSource>

        <areaSource id="ZN7b" name="Offshore South" tectonicRegion="Extended">
            <areaGeometry>
                <gml:Polygon>
                    <gml:exterior>
                        <gml:LinearRing>
                            <gml:posList>
                                139.5219 -39.4740
                                134.9154 -37.4930
                                127.8365 -37.0171
                                119.0325 -38.0284
                                116.6530 -37.7905
                                114.9874 -36.8982
                                111.3587 -37.4930
                                109.8121 -34.9946
                                113.4222 -34.5726
                                116.0101 -34.2494
                                118.4673 -34.6110
                                121.3226 -34.9172
                                130.7955 -33.2828
                                132.6894 -34.2150
                                134.7116 -35.0174
                                136.2577 -35.5637
                                137.6891 -35.6081
                                138.2453 -35.8259
                                139.1175 -36.9422
                                139.2123 -37.5135
                            </gml:posList>
                        </gml:LinearRing>
                    </gml:exterior>
                </gml:Polygon>
                <upperSeismoDepth>0.0</upperSeismoDepth>
                <lowerSeismoDepth>20.0</lowerSeismoDepth>
            </areaGeometry>
            <magScaleRel>Leonard2014_SCR</magScaleRel>
            <ruptAspectRatio>1.5</ruptAspectRatio>
            <incrementalMFD minMag="4.55" binWidth="0.1">
                <occurRates>1.12830e-02 9.39075e-03 7.81795e-03 6.51029e-03 5.42278e-03 4.51812e-03 3.76535e-03 3.13880e-03 2.61717e-03 2.18278e-03 1.82094e-03 1.51946e-03 1.26819e-03 1.05874e-03 8.84082e-04 7.38413e-04 6.16889e-04 5.15483e-04 4.30844e-04 3.60183e-04 3.01177e-04 2.51892e-04 2.10717e-04 1.76311e-04 1.47553e-04 1.23511e-04 1.03408e-04 8.65942e-05 7.25285e-05 6.07594e-05 4.38334e-05 2.65376e-05 9.15509e-06 2.63837e-06</occurRates>
            </incrementalMFD>
            <nodalPlaneDist>
                <nodalPlane probability="0.3" strike="0.0" dip="30.0" rake="90.0" />
                <nodalPlane probability="0.2" strike="90.0" dip="30.0" rake="90.0" />
                <nodalPlane probability="0.3" strike="180.0" dip="30.0" rake="90.0" />
                <nodalPlane probability="0.2" strike="270.0" dip="30.0" rake="90.0" />
            </nodalPlaneDist>
            <hypoDepthDist>
                <hypoDepth probability="0.50" depth="10.0"/>
                <hypoDepth probability="0.25" depth="5.0"/>
                <hypoDepth probability="0.25" depth="15.0"/>
            </hypoDepthDist>
        </areaSource>

        <areaSource id="ZN7c" name="Offshore East" tectonicRegion="Extended">
            <areaGeometry>
                <gml:Polygon>
                    <gml:exterior>
                        <gml:LinearRing>
                            <gml:posList>
                                149.7237 -37.7234
                                152.0175 -34.0716
                                154.2457 -25.2656
                                154.4305 -22.4147
                                156.0929 -22.4782
                                156.5212 -30.1876
                                151.4563 -39.1093
                                149.6238 -41.0879
                                149.6839 -39.0622
                            </gml:posList>
                        </gml:LinearRing>
                    </gml:exterior>
                </gml:Polygon>
                <upperSeismoDepth>0.0</upperSeismoDepth>
                <lowerSeismoDepth>20.0</lowerSeismoDepth>
            </areaGeometry>
            <magScaleRel>Leonard2014_SCR</magScaleRel>
            <ruptAspectRatio>1.5</ruptAspectRatio>
            <incrementalMFD minMag="4.55" binWidth="0.1">
                <occurRates>7.91237e-03 6.59271e-03 5.49457e-03 4.58051e-03 3.81948e-03 3.18569e-03 2.65773e-03 2.21780e-03 1.85115e-03 1.54548e-03 1.29059e-03 1.07799e-03 9.00626e-04 7.52612e-04 6.29066e-04 5.25918e-04 4.39780e-04 3.67830e-04 3.07717e-04 2.57483e-04 2.15494e-04 1.80390e-04 1.51035e-04 1.26482e-04 1.05941e-04 8.87539e-05 7.43690e-05 6.23273e-05 5.22451e-05 4.38018e-05 3.16242e-05 1.91606e-05 6.61507e-06 1.90778e-06</occurRates>
            </incrementalMFD>
            <nodalPlaneDist>
                <nodalPlane probability="0.3" strike="0.0" dip="30.0" rake="90.0" />
                <nodalPlane probability="0.2" strike="90.0" dip="30.0" rake="90.0" />
                <nodalPlane probability="0.3" strike="180.0" dip="30.0" rake="90.0" />
                <nodalPlane probability="0.2" strike="270.0" dip="30.0" rake="90.0" />
            </nodalPlaneDist>
            <hypoDepthDist>
                <hypoDepth probability="0.50" depth="10.0"/>
                <hypoDepth probability="0.25" depth="5.0"/>
                <hypoDepth probability="0.25" depth="15.0"/>
            </hypoDepthDist>
        </areaSource>

        <areaSource id="ZN6b" name="West Coast" tectonicRegion="Extended">
            <areaGeometry>
                <gml:Polygon>
                    <gml:exterior>
                        <gml:LinearRing>
                            <gml:posList>
                                116.0101 -34.2481
                                113.4222 -34.5714
                                114.7969 -31.5481
                                112.5602 -27.5982
                                111.5608 -25.4091
                                111.5608 -23.7911
                                113.4168 -21.7447
                                115.7486 -19.0322
                                119.4606 -16.2720
                                121.5545 -14.5112
                                121.6497 -12.4648
                                124.2458 -13.6825
                                123.2387 -14.9119
                                120.7455 -16.9382
                                119.8730 -19.2863
                                117.9694 -19.4766
                                115.7640 -20.7959
                                114.7283 -22.3339
                                115.5658 -25.3605
                                115.4326 -26.6867
                                115.5658 -28.7616
                                115.9634 -29.7308
                                115.9635 -29.7310
                            </gml:posList>
                        </gml:LinearRing>
                    </gml:exterior>
                </gml:Polygon>
                <upperSeismoDepth>0.0</upperSeismoDepth>
                <lowerSeismoDepth>20.0</lowerSeismoDepth>
            </areaGeometry>
            <magScaleRel>Leonard2014_SCR</magScaleRel>
            <ruptAspectRatio>1.5</ruptAspectRatio>
            <incrementalMFD minMag="4.55" binWidth="0.1">
                <occurRates>3.45948e-02 2.87181e-02 2.38464e-02 1.98067e-02 1.64560e-02 1.36759e-02 1.13686e-02 9.45315e-03 7.86257e-03 6.54139e-03 5.44367e-03 4.53136e-03 3.77294e-03 3.14228e-03 2.61771e-03 2.18128e-03 1.81806e-03 1.51571e-03 1.26396e-03 1.05428e-03 8.79603e-04 7.34043e-04 6.12717e-04 5.11565e-04 4.27212e-04 3.56850e-04 2.98145e-04 2.49154e-04 2.08259e-04 1.74115e-04 1.25362e-04 7.57486e-05 2.60817e-05 7.50209e-06</occurRates>
            </incrementalMFD>
            <nodalPlaneDist>
                <nodalPlane probability="0.3" strike="0.0" dip="30.0" rake="90.0" />
                <nodalPlane probability="0.2" strike="90.0" dip="30.0" rake="90.0" />
                <nodalPlane probability="0.3" strike="180.0" dip="30.0" rake="90.0" />
                <nodalPlane probability="0.2" strike="270.0" dip="30.0" rake="90.0" />
            </nodalPlaneDist>
            <hypoDepthDist>
                <hypoDepth probability="0.50" depth="10.0"/>
                <hypoDepth probability="0.25" depth="5.0"/>
                <hypoDepth probability="0.25" depth="15.0"/>
            </hypoDepthDist>
        </areaSource>

        <areaSource id="ZN7d" name="Offshore West" tectonicRegion="Extended">
            <areaGeometry>
                <gml:Polygon>
                    <gml:exterior>
                        <gml:LinearRing>
                            <gml:posList>
                                121.6497 -12.4648
                                121.5545 -14.5112
                                119.4606 -16.2720
                                115.7486 -19.0322
                                113.4168 -21.7447
                                111.5608 -23.7911
                                111.5608 -25.4091
                                112.5602 -27.5982
                                114.7969 -31.5481
                                113.4222 -34.5714
                                109.8121 -34.9934
                                112.3709 -32.8588
                                112.5613 -31.0504
                                110.5625 -27.7192
                                110.1818 -24.2927
                                110.4673 -20.6760
                                110.6577 -19.6290
                                116.2732 -16.4881
                                119.4141 -14.5845
                            </gml:posList>
                        </gml:LinearRing>
                    </gml:exterior>
                </gml:Polygon>
                <upperSeismoDepth>0.0</upperSeismoDepth>
                <lowerSeismoDepth>20.0</lowerSeismoDepth>
            </areaGeometry>
            <magScaleRel>Leonard2014_SCR</magScaleRel>
            <ruptAspectRatio>1.5</ruptAspectRatio>
            <incrementalMFD minMag="4.55" binWidth="0.1">
                <occurRates>2.82949e-02 2.35122e-02 1.95433e-02 1.62490e-02 1.35137e-02 1.12419e-02 9.35457e-03 7.78620e-03 6.48252e-03 5.39855e-03 4.49702e-03 3.74702e-03 3.12291e-03 2.60342e-03 2.17089e-03 1.81067e-03 1.51061e-03 1.26057e-03 1.05218e-03 8.78449e-04 7.33578e-04 6.12742e-04 5.11928e-04 4.27799e-04 3.57577e-04 2.98948e-04 2.49987e-04 2.09090e-04 1.74921e-04 1.46367e-04 1.05472e-04 6.37831e-05 2.19798e-05 6.32736e-06</occurRates>
            </incrementalMFD>
            <nodalPlaneDist>
                <nodalPlane probability="0.3" strike="0.0" dip="30.0" rake="90.0" />
                <nodalPlane probability="0.2" strike="90.0" dip="30.0" rake="90.0" />
                <nodalPlane probability="0.3" strike="180.0" dip="30.0" rake="90.0" />
                <nodalPlane probability="0.2" strike="270.0" dip="30.0" rake="90.0" />
            </nodalPlaneDist>
            <hypoDepthDist>
                <hypoDepth probability="0.50" depth="10.0"/>
                <hypoDepth probability="0.25" depth="5.0"/>
                <hypoDepth probability="0.25" depth="15.0"/>
            </hypoDepthDist>
        </areaSource>

        <areaSource id="ZN8a" name="Southwest Seismic Zone" tectonicRegion="Cratonic">
            <areaGeometry>
                <gml:Polygon>
                    <gml:exterior>
                        <gml:LinearRing>
                            <gml:posList>
                                116.6193 -33.1552
                                116.1790 -31.3297
                                116.1606 -30.7702
                                116.2709 -29.9815
                                116.2716 -29.9812
                                117.0432 -29.6969
                                118.4743 -30.2173
                                118.5823 -30.8160
                                118.2704 -31.2747
                                118.0411 -32.2012
                                117.3348 -32.9625
                            </gml:posList>
                        </gml:LinearRing>
                    </gml:exterior>
                </gml:Polygon>
                <upperSeismoDepth>0.0</upperSeismoDepth>
                <lowerSeismoDepth>20.0</lowerSeismoDepth>
            </areaGeometry>
            <magScaleRel>Leonard2014_SCR</magScaleRel>
            <ruptAspectRatio>1.5</ruptAspectRatio>
            <incrementalMFD minMag="4.55" binWidth="0.1">
                <occurRates>2.33429e-02 1.95835e-02 1.64315e-02 1.37885e-02 1.15721e-02 9.71308e-03 8.15370e-03 6.84549e-03 5.74786e-03 4.82680e-03 4.05381e-03 3.40501e-03 2.86039e-03 2.40316e-03 2.01925e-03 1.69686e-03 1.42611e-03 1.19870e-03 1.00767e-03 8.47172e-04 7.12321e-04 5.99002e-04 5.03766e-04 4.23718e-04 3.56430e-04 2.99859e-04 2.52295e-04 2.12298e-04 1.52576e-04 7.92447e-05 3.83511e-05 1.43844e-05</occurRates>
            </incrementalMFD>
            <nodalPlaneDist>
                <nodalPlane probability="0.3" strike="0.0" dip="30.0" rake="90.0" />
                <nodalPlane probability="0.2" strike="90.0" dip="30.0" rake="90.0" />
                <nodalPlane probability="0.3" strike="180.0" dip="30.0" rake="90.0" />
                <nodalPlane probability="0.2" strike="270.0" dip="30.0" rake="90.0" />
            </nodalPlaneDist>
            <hypoDepthDist>
                <hypoDepth probability="0.50" depth="5.0"/>
                <hypoDepth probability="0.25" depth="2.5"/>
                <hypoDepth probability="0.25" depth="10.0"/>
            </hypoDepthDist>
        </areaSource>

        <areaSource id="ZN2b" name="Eastern Sprigg Orogen" tectonicRegion="Non_cratonic">
            <areaGeometry>
                <gml:Polygon>
                    <gml:exterior>
                        <gml:LinearRing>
                            <gml:posList>
                                138.2453 -35.8259
                                139.5971 -34.2163
                                140.0397 -32.8314
                                139.5700 -28.6613
                                140.9994 -28.7632
                                142.6334 -30.9172
                                142.8117 -31.7639
                                140.7765 -33.6357
                                139.8704 -35.4925
                            </gml:posList>
                        </gml:LinearRing>
                    </gml:exterior>
                </gml:Polygon>
                <upperSeismoDepth>0.0</upperSeismoDepth>
                <lowerSeismoDepth>20.0</lowerSeismoDepth>
            </areaGeometry>
            <magScaleRel>Leonard2014_SCR</magScaleRel>
            <ruptAspectRatio>1.5</ruptAspectRatio>
            <incrementalMFD minMag="4.55" binWidth="0.1">
                <occurRates>2.91693e-03 2.24879e-03 1.73455e-03 1.33856e-03 1.03347e-03 7.98289e-04 6.16916e-04 4.76970e-04 3.68935e-04 2.85496e-04 2.21023e-04 1.71183e-04 1.32637e-04 1.02812e-04 7.97253e-05 6.18471e-05 4.79964e-05 3.72615e-05 2.89382e-05 2.24822e-05 1.74726e-05 1.35839e-05 1.05642e-05 8.21847e-06 6.39563e-06 4.97865e-06 3.87678e-06 3.01966e-06 2.35273e-06 1.54757e-06 7.56165e-07 3.07638e-07 7.65061e-08</occurRates>
            </incrementalMFD>
            <nodalPlaneDist>
                <nodalPlane probability="0.3" strike="0.0" dip="30.0" rake="90.0" />
                <nodalPlane probability="0.2" strike="90.0" dip="30.0" rake="90.0" />
                <nodalPlane probability="0.3" strike="180.0" dip="30.0" rake="90.0" />
                <nodalPlane probability="0.2" strike="270.0" dip="30.0" rake="90.0" />
            </nodalPlaneDist>
            <hypoDepthDist>
                <hypoDepth probability="0.50" depth="10.0"/>
                <hypoDepth probability="0.25" depth="5.0"/>
                <hypoDepth probability="0.25" depth="15.0"/>
            </hypoDepthDist>
        </areaSource>

    </sourceModel>
</nrml>