<?xml version="1.0" encoding="UTF-8"?>
<nrml xmlns:gml="http://www.opengis.net/gml"
      xmlns="http://openquake.org/xmlns/nrml/0.4">

    <logicTree logicTreeID="lt1">
        <logicTreeBranchingLevel branchingLevelID="bl1">
            <logicTreeBranchSet uncertaintyType="sourceModel"
                                branchSetID="bs1">

                <logicTreeBranch branchID="b1">
                    <uncertaintyModel>GA_M4_adaptive_smoothing_full_uncert.xml</uncertaintyModel>
                    <uncertaintyWeight>0.202</uncertaintyWeight>
                </logicTreeBranch>

                <logicTreeBranch branchID="b2">
                    <uncertaintyModel>GA_M3_adaptive_smoothing_full_uncert.xml</uncertaintyModel>
                    <uncertaintyWeight>0.135</uncertaintyWeight>
                </logicTreeBranch>

                <logicTreeBranch branchID="b4">
                    <uncertaintyModel>AUS6_collapsed.xml</uncertaintyModel>
                    <uncertaintyWeight>0.104</uncertaintyWeight>
                </logicTreeBranch>

                <logicTreeBranch branchID="b5">
                    <uncertaintyModel>NSHA13_collapsed.xml</uncertaintyModel>
                    <uncertaintyWeight>0.230</uncertaintyWeight>
                </logicTreeBranch>

                <logicTreeBranch branchID="b6">
                    <uncertaintyModel>DIMAUS_collapsed.xml</uncertaintyModel>
                    <uncertaintyWeight>0.128</uncertaintyWeight>
                </logicTreeBranch>

                <logicTreeBranch branchID="b7">
                    <uncertaintyModel>Leonard08_collapsed.xml</uncertaintyModel>
                    <uncertaintyWeight>0.035</uncertaintyWeight>
                </logicTreeBranch>

                <logicTreeBranch branchID="b8">
                    <uncertaintyModel>Domains_collapsed.xml</uncertaintyModel>
                    <uncertaintyWeight>0.061</uncertaintyWeight>
                </logicTreeBranch>

                <logicTreeBranch branchID="b9">
                    <uncertaintyModel>SinMcC2016_collapsed.xml</uncertaintyModel>
                    <uncertaintyWeight>0.013</uncertaintyWeight>
                </logicTreeBranch>

                <logicTreeBranch branchID="b10">
                    <uncertaintyModel>ARUP_collapsed.xml</uncertaintyModel>
                    <uncertaintyWeight>0.034</uncertaintyWeight>
                </logicTreeBranch>

                <logicTreeBranch branchID="b11">
                    <uncertaintyModel>ARUP_Background_collapsed.xml</uncertaintyModel>
                    <uncertaintyWeight>0.034</uncertaintyWeight>
                </logicTreeBranch>

                <logicTreeBranch branchID="b12">
                    <uncertaintyModel>NSHA13_BACKGROUND_collapsed.xml</uncertaintyModel>
                    <uncertaintyWeight>0.024</uncertaintyWeight>
                </logicTreeBranch>

            </logicTreeBranchSet>
        </logicTreeBranchingLevel>
    </logicTree>
</nrml>