<?xml version="1.0" encoding="utf-8"?>
<nrml xmlns:gml="http://www.opengis.net/gml"
      xmlns="http://openquake.org/xmlns/nrml/0.4">

    <sourceModel name="collapsed_collapsed">

        <areaSource id="ZN1" name="Coastal WA" tectonicRegion="Cratonic">
            <areaGeometry>
                <gml:Polygon>
                    <gml:exterior>
                        <gml:LinearRing>
                            <gml:posList>
                                125.8000 -12.1000
                                130.0000 -16.4000
                                123.6155 -20.4122
                                118.1000 -23.9000
                                120.7000 -29.0000
                                123.6000 -28.1000
                                126.3000 -32.0000
                                114.8000 -35.9000
                                109.9000 -24.6000
                                111.8000 -23.8000
                                112.6000 -20.2000
                            </gml:posList>
                        </gml:LinearRing>
                    </gml:exterior>
                </gml:Polygon>
                <upperSeismoDepth>0.0</upperSeismoDepth>
                <lowerSeismoDepth>20.0</lowerSeismoDepth>
            </areaGeometry>
            <magScaleRel>Leonard2014_SCR</magScaleRel>
            <ruptAspectRatio>1.5</ruptAspectRatio>
            <incrementalMFD minMag="4.55" binWidth="0.1">
                <occurRates>1.49134e-01 1.24968e-01 1.04731e-01 8.77819e-02 7.35853e-02 6.16925e-02 5.17283e-02 4.33790e-02 3.63818e-02 3.05171e-02 2.56010e-02 2.14795e-02 1.80237e-02 1.51258e-02 1.26954e-02 1.06568e-02 8.94663e-03 7.51182e-03 6.30787e-03 5.29753e-03 4.44954e-03 3.73773e-03 3.14017e-03 2.63845e-03 2.21715e-03 1.86334e-03 1.56618e-03 1.31655e-03 9.45243e-04 4.90448e-04 2.37121e-04 8.88498e-05</occurRates>
            </incrementalMFD>
            <nodalPlaneDist>
                <nodalPlane probability="0.3" strike="0.0" dip="30.0" rake="90.0" />
                <nodalPlane probability="0.2" strike="90.0" dip="30.0" rake="90.0" />
                <nodalPlane probability="0.3" strike="180.0" dip="30.0" rake="90.0" />
                <nodalPlane probability="0.2" strike="270.0" dip="30.0" rake="90.0" />
            </nodalPlaneDist>
            <hypoDepthDist>
                <hypoDepth probability="0.50" depth="5.0"/>
                <hypoDepth probability="0.25" depth="2.5"/>
                <hypoDepth probability="0.25" depth="10.0"/>
            </hypoDepthDist>
        </areaSource>

        <areaSource id="ZN2" name="Centre Australia" tectonicRegion="Cratonic">
            <areaGeometry>
                <gml:Polygon>
                    <gml:exterior>
                        <gml:LinearRing>
                            <gml:posList>
                                130.6167 -15.9976
                                136.0000 -20.2000
                                132.8000 -23.4000
                                135.0000 -25.3000
                                131.8000 -28.9000
                                123.6155 -20.4122
                                130.0000 -16.4000
                            </gml:posList>
                        </gml:LinearRing>
                    </gml:exterior>
                </gml:Polygon>
                <upperSeismoDepth>0.0</upperSeismoDepth>
                <lowerSeismoDepth>20.0</lowerSeismoDepth>
            </areaGeometry>
            <magScaleRel>Leonard2014_SCR</magScaleRel>
            <ruptAspectRatio>1.5</ruptAspectRatio>
            <incrementalMFD minMag="4.55" binWidth="0.1">
                <occurRates>3.73641e-02 3.13347e-02 2.62816e-02 2.20460e-02 1.84953e-02 1.55184e-02 1.30223e-02 1.09290e-02 9.17324e-03 7.70052e-03 6.46501e-03 5.42838e-03 4.55852e-03 3.82850e-03 3.21577e-03 2.70142e-03 2.26960e-03 1.90704e-03 1.60257e-03 1.34687e-03 1.13210e-03 9.51689e-04 8.00116e-04 6.72760e-04 5.65739e-04 4.75795e-04 4.00196e-04 3.36646e-04 2.41868e-04 1.25582e-04 6.07576e-05 2.27814e-05</occurRates>
            </incrementalMFD>
            <nodalPlaneDist>
                <nodalPlane probability="0.3" strike="0.0" dip="30.0" rake="90.0" />
                <nodalPlane probability="0.2" strike="90.0" dip="30.0" rake="90.0" />
                <nodalPlane probability="0.3" strike="180.0" dip="30.0" rake="90.0" />
                <nodalPlane probability="0.2" strike="270.0" dip="30.0" rake="90.0" />
            </nodalPlaneDist>
            <hypoDepthDist>
                <hypoDepth probability="0.50" depth="5.0"/>
                <hypoDepth probability="0.25" depth="2.5"/>
                <hypoDepth probability="0.25" depth="10.0"/>
            </hypoDepthDist>
        </areaSource>

        <areaSource id="ZN3" name="South Australia" tectonicRegion="Non_cratonic">
            <areaGeometry>
                <gml:Polygon>
                    <gml:exterior>
                        <gml:LinearRing>
                            <gml:posList>
                                137.9000 -23.2000
                                144.7000 -28.8000
                                145.3709 -32.9677
                                138.3000 -37.7000
                                137.3041 -36.8452
                                133.2000 -32.9000
                                135.6000 -31.3000
                                133.2000 -28.9000
                            </gml:posList>
                        </gml:LinearRing>
                    </gml:exterior>
                </gml:Polygon>
                <upperSeismoDepth>0.0</upperSeismoDepth>
                <lowerSeismoDepth>20.0</lowerSeismoDepth>
            </areaGeometry>
            <magScaleRel>Leonard2014_SCR</magScaleRel>
            <ruptAspectRatio>1.5</ruptAspectRatio>
            <incrementalMFD minMag="4.55" binWidth="0.1">
                <occurRates>2.99335e-02 2.29155e-02 1.75530e-02 1.34530e-02 1.03166e-02 7.91583e-03 6.07712e-03 4.66807e-03 3.58768e-03 2.75882e-03 2.12257e-03 1.63391e-03 1.25840e-03 9.69688e-04 7.47587e-04 5.76643e-04 4.45003e-04 3.43579e-04 2.65397e-04 2.05100e-04 1.58575e-04 1.22658e-04 9.49179e-05 7.34832e-05 5.69130e-05 4.40976e-05 3.41819e-05 2.65063e-05 2.05623e-05 1.34680e-05 6.55340e-06 2.65540e-06 6.57761e-07</occurRates>
            </incrementalMFD>
            <nodalPlaneDist>
                <nodalPlane probability="0.3" strike="0.0" dip="30.0" rake="90.0" />
                <nodalPlane probability="0.2" strike="90.0" dip="30.0" rake="90.0" />
                <nodalPlane probability="0.3" strike="180.0" dip="30.0" rake="90.0" />
                <nodalPlane probability="0.2" strike="270.0" dip="30.0" rake="90.0" />
            </nodalPlaneDist>
            <hypoDepthDist>
                <hypoDepth probability="0.50" depth="10.0"/>
                <hypoDepth probability="0.25" depth="5.0"/>
                <hypoDepth probability="0.25" depth="15.0"/>
            </hypoDepthDist>
        </areaSource>

        <areaSource id="ZN4" name="SE Australia" tectonicRegion="Non_cratonic">
            <areaGeometry>
                <gml:Polygon>
                    <gml:exterior>
                        <gml:LinearRing>
                            <gml:posList>
                                148.1000 -26.6000
                                154.2000 -29.7000
                                146.8000 -45.0000
                                138.3000 -37.7000
                                145.3709 -32.9677
                                149.1000 -30.5000
                            </gml:posList>
                        </gml:LinearRing>
                    </gml:exterior>
                </gml:Polygon>
                <upperSeismoDepth>0.0</upperSeismoDepth>
                <lowerSeismoDepth>20.0</lowerSeismoDepth>
            </areaGeometry>
            <magScaleRel>Leonard2014_SCR</magScaleRel>
            <ruptAspectRatio>1.5</ruptAspectRatio>
            <incrementalMFD minMag="4.55" binWidth="0.1">
                <occurRates>5.11531e-02 3.91298e-02 2.99500e-02 2.29372e-02 1.75765e-02 1.34764e-02 1.03385e-02 7.93574e-03 6.09477e-03 4.68343e-03 3.60086e-03 2.77000e-03 2.13198e-03 1.64177e-03 1.26492e-03 9.75069e-04 7.52008e-04 5.80261e-04 4.47954e-04 3.45979e-04 2.67343e-04 2.06675e-04 1.59846e-04 1.23682e-04 9.57422e-05 7.41452e-05 5.74440e-05 4.45230e-05 3.45221e-05 2.26008e-05 1.09923e-05 4.45203e-06 1.10232e-06</occurRates>
            </incrementalMFD>
            <nodalPlaneDist>
                <nodalPlane probability="0.3" strike="0.0" dip="30.0" rake="90.0" />
                <nodalPlane probability="0.2" strike="90.0" dip="30.0" rake="90.0" />
                <nodalPlane probability="0.3" strike="180.0" dip="30.0" rake="90.0" />
                <nodalPlane probability="0.2" strike="270.0" dip="30.0" rake="90.0" />
            </nodalPlaneDist>
            <hypoDepthDist>
                <hypoDepth probability="0.50" depth="10.0"/>
                <hypoDepth probability="0.25" depth="5.0"/>
                <hypoDepth probability="0.25" depth="15.0"/>
            </hypoDepthDist>
        </areaSource>

        <areaSource id="ZN5" name="Queensland" tectonicRegion="Non_cratonic">
            <areaGeometry>
                <gml:Polygon>
                    <gml:exterior>
                        <gml:LinearRing>
                            <gml:posList>
                                145.9000 -15.1000
                                155.3000 -24.3000
                                152.3362 -28.7574
                                148.1000 -26.6000
                                149.2241 -25.2016
                                150.4000 -23.9000
                                142.7000 -16.9000
                            </gml:posList>
                        </gml:LinearRing>
                    </gml:exterior>
                </gml:Polygon>
                <upperSeismoDepth>0.0</upperSeismoDepth>
                <lowerSeismoDepth>20.0</lowerSeismoDepth>
            </areaGeometry>
            <magScaleRel>Leonard2014_SCR</magScaleRel>
            <ruptAspectRatio>1.5</ruptAspectRatio>
            <incrementalMFD minMag="4.55" binWidth="0.1">
                <occurRates>1.25995e-02 9.67123e-03 7.42763e-03 5.70765e-03 4.38833e-03 3.37577e-03 2.59823e-03 2.00082e-03 1.54156e-03 1.18832e-03 9.16482e-04 7.07176e-04 5.45934e-04 4.21658e-04 3.25824e-04 2.51887e-04 1.94815e-04 1.50742e-04 1.16690e-04 9.03687e-05 7.00139e-05 5.42661e-05 4.20772e-05 3.26390e-05 2.53276e-05 1.96614e-05 1.52684e-05 1.18613e-05 9.21768e-06 6.04788e-06 2.94783e-06 1.19642e-06 2.96842e-07</occurRates>
            </incrementalMFD>
            <nodalPlaneDist>
                <nodalPlane probability="0.3" strike="0.0" dip="30.0" rake="90.0" />
                <nodalPlane probability="0.2" strike="90.0" dip="30.0" rake="90.0" />
                <nodalPlane probability="0.3" strike="180.0" dip="30.0" rake="90.0" />
                <nodalPlane probability="0.2" strike="270.0" dip="30.0" rake="90.0" />
            </nodalPlaneDist>
            <hypoDepthDist>
                <hypoDepth probability="0.50" depth="10.0"/>
                <hypoDepth probability="0.25" depth="5.0"/>
                <hypoDepth probability="0.25" depth="15.0"/>
            </hypoDepthDist>
        </areaSource>

        <areaSource id="NBA" name="North Background" tectonicRegion="Cratonic">
            <areaGeometry>
                <gml:Polygon>
                    <gml:exterior>
                        <gml:LinearRing>
                            <gml:posList>
                                109.9000 -24.6000
                                111.1312 -18.1237
                                122.5208 -11.7333
                                126.0039 -10.5137
                                127.9734 -10.0173
                                144.9438 -10.0060
                                145.9845 -10.9867
                                152.9896 -19.0125
                                155.3000 -24.3000
                                145.9000 -15.1000
                                142.7000 -16.9000
                                150.4000 -23.9000
                                149.2241 -25.2016
                                148.1000 -26.6000
                                149.1000 -30.5000
                                145.3709 -32.9677
                                144.7000 -28.8000
                                137.9000 -23.2000
                                133.2000 -28.9000
                                131.8000 -28.9000
                                135.0000 -25.3000
                                132.8000 -23.4000
                                136.0000 -20.2000
                                130.6167 -15.9976
                                130.0000 -16.4000
                                125.8000 -12.1000
                                112.6000 -20.2000
                                111.8000 -23.8000
                            </gml:posList>
                        </gml:LinearRing>
                    </gml:exterior>
                </gml:Polygon>
                <upperSeismoDepth>0.0</upperSeismoDepth>
                <lowerSeismoDepth>20.0</lowerSeismoDepth>
            </areaGeometry>
            <magScaleRel>Leonard2014_SCR</magScaleRel>
            <ruptAspectRatio>1.5</ruptAspectRatio>
            <incrementalMFD minMag="4.55" binWidth="0.1">
                <occurRates>5.56017e-02 4.66190e-02 3.90925e-02 3.27851e-02 2.74989e-02 2.30678e-02 1.93532e-02 1.62387e-02 1.36271e-02 1.14369e-02 9.59987e-03 8.05890e-03 6.76610e-03 5.68137e-03 4.77112e-03 4.00718e-03 3.36596e-03 2.82768e-03 2.37576e-03 1.99630e-03 1.67764e-03 1.41001e-03 1.18521e-03 9.96363e-04 8.37703e-04 7.04387e-04 5.92354e-04 4.98196e-04 3.57870e-04 1.85777e-04 8.98642e-05 3.36890e-05</occurRates>
            </incrementalMFD>
            <nodalPlaneDist>
                <nodalPlane probability="0.3" strike="0.0" dip="30.0" rake="90.0" />
                <nodalPlane probability="0.2" strike="90.0" dip="30.0" rake="90.0" />
                <nodalPlane probability="0.3" strike="180.0" dip="30.0" rake="90.0" />
                <nodalPlane probability="0.2" strike="270.0" dip="30.0" rake="90.0" />
            </nodalPlaneDist>
            <hypoDepthDist>
                <hypoDepth probability="0.50" depth="5.0"/>
                <hypoDepth probability="0.25" depth="2.5"/>
                <hypoDepth probability="0.25" depth="10.0"/>
            </hypoDepthDist>
        </areaSource>

        <areaSource id="EBA" name="Eastern Background" tectonicRegion="Extended">
            <areaGeometry>
                <gml:Polygon>
                    <gml:exterior>
                        <gml:LinearRing>
                            <gml:posList>
                                155.3000 -24.3000
                                154.9966 -29.9807
                                148.9939 -44.9998
                                146.8000 -45.0000
                                154.2000 -29.7000
                                152.3362 -28.7574
                            </gml:posList>
                        </gml:LinearRing>
                    </gml:exterior>
                </gml:Polygon>
                <upperSeismoDepth>0.0</upperSeismoDepth>
                <lowerSeismoDepth>20.0</lowerSeismoDepth>
            </areaGeometry>
            <magScaleRel>Leonard2014_SCR</magScaleRel>
            <ruptAspectRatio>1.5</ruptAspectRatio>
            <incrementalMFD minMag="4.55" binWidth="0.1">
                <occurRates>4.98105e-03 4.15631e-03 3.46897e-03 2.89599e-03 2.41822e-03 2.01974e-03 1.68731e-03 1.40992e-03 1.17840e-03 9.85114e-04 8.23713e-04 6.88905e-04 5.76284e-04 4.82175e-04 4.03519e-04 3.37763e-04 2.82780e-04 2.36794e-04 1.98326e-04 1.66140e-04 1.39203e-04 1.16656e-04 9.77793e-05 8.19720e-05 6.87325e-05 5.76416e-05 4.83487e-05 4.05611e-05 3.40335e-05 2.85612e-05 2.06405e-05 1.25175e-05 4.32560e-06 1.24864e-06</occurRates>
            </incrementalMFD>
            <nodalPlaneDist>
                <nodalPlane probability="0.3" strike="0.0" dip="30.0" rake="90.0" />
                <nodalPlane probability="0.2" strike="90.0" dip="30.0" rake="90.0" />
                <nodalPlane probability="0.3" strike="180.0" dip="30.0" rake="90.0" />
                <nodalPlane probability="0.2" strike="270.0" dip="30.0" rake="90.0" />
            </nodalPlaneDist>
            <hypoDepthDist>
                <hypoDepth probability="0.50" depth="10.0"/>
                <hypoDepth probability="0.25" depth="5.0"/>
                <hypoDepth probability="0.25" depth="15.0"/>
            </hypoDepthDist>
        </areaSource>

        <areaSource id="SBA" name="South Background" tectonicRegion="Cratonic">
            <areaGeometry>
                <gml:Polygon>
                    <gml:exterior>
                        <gml:LinearRing>
                            <gml:posList>
                                146.8000 -45.0000
                                145.0113 -45.0024
                                136.1322 -38.0447
                                126.9328 -34.9880
                                119.1309 -36.4727
                                114.8000 -35.9000
                                126.3000 -32.0000
                                123.6000 -28.1000
                                120.7000 -29.0000
                                118.1000 -23.9000
                                123.6155 -20.4122
                                131.8000 -28.9000
                                133.2000 -28.9000
                                135.6000 -31.3000
                                133.2000 -32.9000
                                138.3000 -37.7000
                            </gml:posList>
                        </gml:LinearRing>
                    </gml:exterior>
                </gml:Polygon>
                <upperSeismoDepth>0.0</upperSeismoDepth>
                <lowerSeismoDepth>20.0</lowerSeismoDepth>
            </areaGeometry>
            <magScaleRel>Leonard2014_SCR</magScaleRel>
            <ruptAspectRatio>1.5</ruptAspectRatio>
            <incrementalMFD minMag="4.55" binWidth="0.1">
                <occurRates>2.19146e-02 1.83894e-02 1.54332e-02 1.29537e-02 1.08739e-02 9.12907e-03 7.66515e-03 6.43674e-03 5.40584e-03 4.54057e-03 3.81424e-03 3.20448e-03 2.69250e-03 2.26258e-03 1.90153e-03 1.59827e-03 1.34353e-03 1.12952e-03 9.49705e-04 7.98604e-04 6.71619e-04 5.64887e-04 4.75169e-04 3.99744e-04 3.36328e-04 2.83002e-04 2.38157e-04 2.00440e-04 1.44081e-04 7.48463e-05 3.62292e-05 1.35910e-05</occurRates>
            </incrementalMFD>
            <nodalPlaneDist>
                <nodalPlane probability="0.3" strike="0.0" dip="30.0" rake="90.0" />
                <nodalPlane probability="0.2" strike="90.0" dip="30.0" rake="90.0" />
                <nodalPlane probability="0.3" strike="180.0" dip="30.0" rake="90.0" />
                <nodalPlane probability="0.2" strike="270.0" dip="30.0" rake="90.0" />
            </nodalPlaneDist>
            <hypoDepthDist>
                <hypoDepth probability="0.50" depth="5.0"/>
                <hypoDepth probability="0.25" depth="2.5"/>
                <hypoDepth probability="0.25" depth="10.0"/>
            </hypoDepthDist>
        </areaSource>

    </sourceModel>
</nrml>